 ,Area,Mean,Min,Max,X,Y
1,0.000,55,55,55,3.590,1.000
2,0.000,37,37,37,3.587,1.076
3,0.000,27,27,27,3.552,1.135
4,0.000,20,20,20,3.497,1.024
5,0.000,29,29,29,3.438,0.938
6,0.000,57,57,57,3.503,0.823
7,0.000,76,76,76,3.469,0.781
8,0.000,31,31,31,3.420,1.028
9,0.000,33,33,33,3.440,0.887
10,0.000,59,59,59,3.306,0.794
11,0.000,57,57,57,3.532,0.706
12,0.000,39,39,39,3.648,0.657
13,0.000,34,34,34,3.600,0.597
14,0.000,23,23,23,3.512,0.606
15,0.000,23,23,23,3.500,0.551
16,0.000,40,40,40,3.655,0.519
17,0.000,32,32,32,3.766,0.558
18,0.000,35,35,35,3.799,0.639
19,0.000,34,34,34,3.863,0.854
20,0.000,35,35,35,3.947,0.773
21,0.000,52,52,52,4.035,0.713
22,0.000,36,36,36,4.035,0.796
23,0.000,52,52,52,3.956,0.880
24,0.000,60,60,60,4.139,0.889
25,0.000,37,37,37,3.940,1.044
26,0.000,37,37,37,3.910,1.095
27,0.000,31,31,31,3.803,1.035
28,0.000,34,34,34,3.757,1.130
29,0.000,57,57,57,3.694,1.190
30,0.000,45,45,45,3.769,1.206
31,0.000,41,41,41,3.861,1.238
32,0.000,67,67,67,3.951,1.312
33,0.000,64,64,64,4.032,1.282
34,0.000,39,39,39,4.150,1.262
35,0.000,55,55,55,3.512,1.238
36,0.000,44,44,44,3.417,1.144
37,0.000,85,85,85,3.225,1.065
38,0.000,27,27,27,3.264,1.102
39,0.000,54,54,54,3.160,0.882
40,0.000,43,43,43,3.134,0.998
41,0.000,34,34,34,3.220,0.968
42,0.000,69,69,69,3.118,1.130
43,0.000,60,60,60,3.164,1.229
44,0.000,37,37,37,3.072,1.280
45,0.000,34,34,34,3.139,1.333
46,0.000,39,39,39,3.266,1.414
47,0.000,51,51,51,3.241,1.495
48,0.000,50,50,50,3.252,1.556
49,0.000,55,55,55,3.222,1.620
50,0.000,36,36,36,3.153,1.618
51,0.000,37,37,37,3.132,1.542
52,0.000,41,41,41,3.088,1.389
53,0.000,38,38,38,2.977,1.377
54,0.000,45,45,45,2.951,1.435
55,0.000,58,58,58,3.380,1.521
56,0.000,47,47,47,3.451,1.477
57,0.000,39,39,39,3.461,1.579
58,0.000,52,52,52,3.539,1.565
59,0.000,54,54,54,3.512,1.336
60,0.000,48,48,48,3.597,1.331
61,0.000,33,33,33,3.630,1.375
62,0.000,52,52,52,3.743,1.336
63,0.000,54,54,54,3.759,1.428
64,0.000,41,41,41,3.704,1.537
65,0.000,28,28,28,3.616,1.590
66,0.000,30,30,30,3.586,1.685
67,0.000,46,46,46,3.850,1.428
68,0.000,46,46,46,3.910,1.542
69,0.000,60,60,60,4.000,1.449
70,0.000,59,59,59,4.102,1.611
71,0.000,40,40,40,4.289,1.535
72,0.000,52,52,52,4.220,1.639
73,0.000,51,51,51,3.269,1.683
74,0.000,31,31,31,3.326,1.722
75,0.000,56,56,56,3.484,1.778
76,0.000,58,58,58,3.502,1.843
77,0.000,46,46,46,3.331,1.850
78,0.000,25,25,25,3.278,1.951
79,0.000,37,37,37,3.380,1.981
80,0.000,35,35,35,3.528,1.984
81,0.000,46,46,46,3.456,2.127
82,0.000,55,55,55,3.162,1.914
83,0.000,50,50,50,3.164,2.132
84,0.000,34,34,34,3.234,2.162
85,0.000,94,94,94,2.986,1.620
86,0.000,61,61,61,2.961,1.171
87,0.000,27,27,27,2.896,1.153
88,0.000,24,24,24,2.819,1.225
89,0.000,27,27,27,2.870,1.296
90,0.000,20,20,20,2.870,1.359
91,0.000,37,37,37,2.796,1.100
92,0.000,52,52,52,2.907,1.037
93,0.000,48,48,48,2.928,0.931
94,0.000,47,47,47,3.002,0.819
95,0.000,51,51,51,3.060,0.669
96,0.000,33,33,33,3.248,0.681
97,0.000,42,42,42,3.241,0.602
98,0.000,34,34,34,3.213,0.481
99,0.000,52,52,52,3.282,0.444
100,0.000,26,26,26,3.301,0.516
101,0.000,43,43,43,3.407,0.454
102,0.000,59,59,59,3.495,0.421
103,0.000,44,44,44,3.539,0.375
104,0.000,30,30,30,3.512,0.303
105,0.000,61,61,61,2.711,1.100
106,0.000,42,42,42,2.650,0.963
107,0.000,50,50,50,2.711,0.914
108,0.000,64,64,64,2.567,0.933
109,0.000,57,57,57,2.606,1.120
110,0.000,32,32,32,2.620,1.192
111,0.000,61,61,61,2.590,1.252
112,0.000,45,45,45,2.556,1.303
113,0.000,62,62,62,2.581,1.400
114,0.000,28,28,28,2.697,1.370
115,0.000,38,38,38,2.498,1.104
116,0.000,40,40,40,2.347,1.199
117,0.000,33,33,33,2.394,1.238
118,0.000,28,28,28,2.653,1.597
119,0.000,42,42,42,3.095,1.701
120,0.000,80,80,80,2.984,1.854
121,0.000,101,101,101,2.880,1.810
122,0.000,48,48,48,2.822,1.921
123,0.000,65,65,65,2.861,1.956
124,0.000,55,55,55,2.903,2.028
125,0.000,55,55,55,2.891,2.062
126,0.000,36,36,36,2.801,2.053
127,0.000,64,64,64,3.032,2.197
128,0.000,49,49,49,2.972,2.208
129,0.000,68,68,68,2.775,2.167
130,0.000,44,44,44,2.801,2.229
131,0.000,66,66,66,2.692,2.389
132,0.000,42,42,42,2.750,2.410
133,0.000,45,45,45,2.850,2.394
134,0.000,58,58,58,2.850,2.431
135,0.000,42,42,42,2.919,2.410
136,0.000,40,40,40,3.016,2.431
137,0.000,55,55,55,3.079,2.398
138,0.000,66,66,66,3.081,2.336
139,0.000,54,54,54,3.148,2.442
140,0.000,83,83,83,3.403,2.421
141,0.000,51,51,51,3.646,2.419
142,0.000,40,40,40,3.715,2.419
143,0.000,42,42,42,3.708,2.463
144,0.000,41,41,41,3.576,2.465
145,0.000,35,35,35,3.810,2.454
146,0.000,53,53,53,3.998,2.336
147,0.000,43,43,43,3.868,2.322
148,0.000,33,33,33,3.799,2.234
149,0.000,44,44,44,3.757,2.174
150,0.000,70,70,70,3.750,2.065
151,0.000,48,48,48,3.773,2.021
152,0.000,38,38,38,3.750,1.919
153,0.000,65,65,65,3.782,1.803
154,0.000,51,51,51,3.734,1.706
155,0.000,72,72,72,3.935,1.789
156,0.000,43,43,43,3.947,1.861
157,0.000,36,36,36,3.924,1.951
158,0.000,65,65,65,4.072,1.896
159,0.000,33,33,33,4.035,2.002
160,0.000,44,44,44,4.037,2.086
161,0.000,63,63,63,3.944,2.086
162,0.000,43,43,43,3.981,2.255
163,0.000,29,29,29,4.111,2.178
164,0.000,39,39,39,4.074,1.782
165,0.000,35,35,35,4.130,1.085
166,0.000,26,26,26,4.201,1.128
167,0.000,41,41,41,4.384,1.123
168,0.000,34,34,34,4.358,1.082
169,0.000,56,56,56,4.340,1.141
170,0.000,39,39,39,4.432,1.094
171,0.000,42,42,42,4.406,1.024
172,0.000,49,49,49,4.273,0.950
173,0.000,42,42,42,4.271,0.878
174,0.000,40,40,40,4.345,0.830
175,0.000,30,30,30,4.271,0.793
176,0.000,50,50,50,4.417,1.300
177,0.000,68,68,68,4.488,1.295
178,0.000,41,41,41,4.545,1.193
179,0.000,62,62,62,4.623,1.210
180,0.000,43,43,43,4.677,1.205
181,0.000,36,36,36,4.712,1.271
182,0.000,57,57,57,4.691,1.361
183,0.000,49,49,49,4.628,1.451
184,0.000,59,59,59,4.446,1.540
185,0.000,39,39,39,4.387,1.542
186,0.000,40,40,40,4.427,1.653
187,0.000,73,73,73,4.453,1.693
188,0.000,47,47,47,4.444,1.780
189,0.000,41,41,41,4.358,1.812
190,0.000,77,77,77,4.436,1.865
191,0.000,50,50,50,4.408,1.946
192,0.000,31,31,31,4.351,1.976
193,0.000,38,38,38,4.594,1.948
194,0.000,61,61,61,4.675,1.941
195,0.000,75,75,75,4.747,1.825
196,0.000,24,24,24,4.672,1.672
197,0.000,35,35,35,4.550,1.597
198,0.000,33,33,33,4.812,1.696
199,0.000,30,30,30,4.767,1.618
200,0.000,32,32,32,4.759,1.538
201,0.000,50,50,50,4.790,1.498
202,0.000,41,41,41,2.498,1.524
203,0.000,57,57,57,2.550,1.668
204,0.000,55,55,55,2.590,1.748
205,0.000,45,45,45,2.637,1.837
206,0.000,42,42,42,2.559,1.840
207,0.000,45,45,45,2.564,1.918
208,0.000,31,31,31,2.587,0.844
209,0.000,45,45,45,2.658,0.733
210,0.000,27,27,27,2.714,0.783
211,0.000,33,33,33,2.809,0.724
212,0.000,69,69,69,2.839,0.646
213,0.000,80,80,80,2.783,0.512
214,0.000,39,39,39,2.705,0.413
215,0.000,56,56,56,2.977,0.503
216,0.000,26,26,26,2.578,0.514
217,0.000,60,60,60,2.488,0.677
218,0.000,47,47,47,2.385,0.562
219,0.000,53,53,53,2.328,0.505
220,0.000,40,40,40,2.375,0.404
221,0.000,38,38,38,2.509,0.419
222,0.000,56,56,56,2.535,0.256
223,0.000,33,33,33,2.590,0.279
224,0.000,36,36,36,2.370,0.205
225,0.000,47,47,47,2.850,0.301
226,0.000,53,53,53,3.166,0.300
227,0.000,48,48,48,3.262,0.146
228,0.000,42,42,42,3.331,0.084
229,0.000,56,56,56,3.102,0.098
230,0.000,49,49,49,3.068,0.045
231,0.000,37,37,37,3.034,0.106
232,0.000,41,41,41,2.949,0.132
233,0.000,35,35,35,2.931,0.094
234,0.000,43,43,43,2.951,0.046
235,0.000,45,45,45,2.866,0.009
236,0.000,54,54,54,2.723,0.072
237,0.000,52,52,52,2.740,0.016
238,0.000,43,43,43,2.613,0.016
239,0.000,27,27,27,2.572,0.088
240,0.000,24,24,24,2.463,0.090
241,0.000,45,45,45,2.383,0.038
242,0.000,63,63,63,2.201,1.118
243,0.000,61,61,61,2.448,0.780
244,0.000,73,73,73,3.543,0.175
245,0.000,65,65,65,3.589,0.214
246,0.000,59,59,59,3.661,0.184
247,0.000,47,47,47,3.738,0.352
248,0.000,41,41,41,3.753,0.163
249,0.000,48,48,48,3.889,0.167
250,0.000,50,50,50,3.865,0.054
251,0.000,54,54,54,3.986,0.083
252,0.000,39,39,39,4.080,0.345
253,0.000,61,61,61,4.019,0.436
254,0.000,39,39,39,3.995,0.361
255,0.000,47,47,47,3.901,0.427
256,0.000,56,56,56,3.920,0.498
257,0.000,40,40,40,4.038,0.531
258,0.000,33,33,33,4.132,0.517
259,0.000,37,37,37,4.163,0.637
260,0.000,42,42,42,4.201,0.573
261,0.000,52,52,52,4.264,0.693
262,0.000,40,40,40,4.314,0.668
263,0.000,58,58,58,4.316,0.613
264,0.000,29,29,29,4.410,0.606
265,0.000,48,48,48,4.410,0.670
266,0.000,46,46,46,4.410,0.743
267,0.000,61,61,61,4.582,0.873
268,0.000,43,43,43,4.513,0.785
269,0.000,32,32,32,4.500,0.692
270,0.000,33,33,33,4.544,0.632
271,0.000,33,33,33,4.652,0.791
272,0.000,48,48,48,4.735,0.812
273,0.000,40,40,40,4.767,0.899
274,0.000,65,65,65,4.940,1.079
275,0.000,43,43,43,4.876,1.106
276,0.000,38,38,38,4.970,1.034
277,0.000,49,49,49,5.035,0.987
278,0.000,61,61,61,5.131,0.957
279,0.000,65,65,65,5.015,0.719
280,0.000,55,55,55,4.944,0.650
281,0.000,43,43,43,4.836,0.672
282,0.000,46,46,46,4.755,0.674
283,0.000,35,35,35,4.764,0.618
284,0.000,37,37,37,5.126,0.684
285,0.000,57,57,57,4.925,1.425
286,0.000,45,45,45,4.877,1.385
287,0.000,34,34,34,4.906,1.269
288,0.000,30,30,30,4.566,1.484
289,0.000,27,27,27,5.069,1.234
290,0.000,32,32,32,5.127,1.149
291,0.000,29,29,29,5.097,1.094
292,0.000,45,45,45,5.200,1.161
293,0.000,29,29,29,5.304,1.054
294,0.000,30,30,30,5.405,1.038
295,0.000,42,42,42,5.377,1.142
296,0.000,55,55,55,5.351,1.182
297,0.000,32,32,32,5.394,1.257
298,0.000,35,35,35,5.418,1.229
299,0.000,27,27,27,5.278,1.269
300,0.000,66,66,66,5.319,1.372
301,0.000,73,73,73,5.337,1.495
302,0.000,50,50,50,5.444,1.365
303,0.000,42,42,42,5.582,1.259
304,0.000,43,43,43,5.587,1.443
305,0.000,37,37,37,5.476,1.656
306,0.000,23,23,23,5.323,1.656
307,0.000,38,38,38,5.406,1.774
308,0.000,47,47,47,5.380,1.887
309,0.000,57,57,57,5.054,1.571
310,0.000,35,35,35,5.106,1.490
311,0.000,45,45,45,5.002,1.465
312,0.000,77,77,77,5.012,1.368
313,0.000,40,40,40,4.927,1.352
314,0.000,42,42,42,4.880,1.828
315,0.000,33,33,33,4.911,1.762
316,0.000,41,41,41,4.804,1.859
317,0.000,26,26,26,4.915,1.903
318,0.000,42,42,42,4.594,1.903
319,0.000,49,49,49,4.333,2.167
320,0.000,40,40,40,4.333,2.052
321,0.000,31,31,31,4.269,2.214
322,0.000,47,47,47,4.214,2.234
323,0.000,33,33,33,4.502,2.168
324,0.000,33,33,33,4.601,2.167
325,0.000,36,36,36,4.668,2.200
326,0.000,39,39,39,4.628,2.285
327,0.000,44,44,44,4.470,2.260
328,0.000,47,47,47,4.620,2.408
329,0.000,57,57,57,2.514,2.132
330,0.000,76,76,76,2.491,2.226
331,0.000,72,72,72,2.566,2.259
332,0.000,68,68,68,2.477,2.295
333,0.000,29,29,29,4.455,1.406
334,0.000,34,34,34,5.545,1.561
335,0.000,33,33,33,5.707,1.545
336,0.000,39,39,39,5.767,1.458
337,0.000,36,36,36,5.719,1.215
338,0.000,31,31,31,5.719,1.161
339,0.000,25,25,25,5.642,1.087
340,0.000,36,36,36,5.470,0.967
341,0.000,23,23,23,5.543,0.951
342,0.000,28,28,28,5.477,0.854
343,0.000,44,44,44,5.368,0.812
344,0.000,39,39,39,5.363,0.731
345,0.000,40,40,40,5.594,0.816
346,0.000,48,48,48,5.646,0.863
347,0.000,50,50,50,5.724,0.847
348,0.000,53,53,53,5.807,0.786
349,0.000,50,50,50,5.892,0.887
350,0.000,46,46,46,5.875,0.986
351,0.000,45,45,45,5.878,1.123
352,0.000,66,66,66,5.880,1.323
353,0.000,50,50,50,5.917,1.431
354,0.000,52,52,52,6.075,0.967
355,0.000,61,61,61,6.047,0.896
356,0.000,59,59,59,6.161,1.102
357,0.000,48,48,48,6.241,1.068
358,0.000,37,37,37,6.196,1.017
359,0.000,43,43,43,6.193,0.911
360,0.000,37,37,37,6.290,0.903
361,0.000,44,44,44,6.340,1.028
362,0.000,42,42,42,6.405,1.179
363,0.000,40,40,40,6.146,0.806
364,0.000,59,59,59,5.974,0.757
365,0.000,45,45,45,6.054,0.722
366,0.000,55,55,55,6.094,0.656
367,0.000,36,36,36,5.922,0.825
368,0.000,30,30,30,5.729,0.719
369,0.000,27,27,27,5.649,0.707
370,0.000,28,28,28,5.858,0.663
371,0.000,39,39,39,6.427,0.752
372,0.000,23,23,23,6.326,0.783
373,0.000,24,24,24,6.425,0.880
374,0.000,28,28,28,6.543,0.681
375,0.000,46,46,46,6.597,0.691
376,0.000,28,28,28,6.655,0.802
377,0.000,44,44,44,6.734,0.677
378,0.000,36,36,36,6.651,1.078
379,0.000,37,37,37,6.571,1.128
380,0.000,38,38,38,6.655,1.252
381,0.000,34,34,34,6.594,1.283
382,0.000,40,40,40,6.656,1.406
383,0.000,35,35,35,6.472,1.333
384,0.000,22,22,22,6.538,1.358
385,0.000,30,30,30,6.498,1.431
386,0.000,59,59,59,6.434,1.592
387,0.000,43,43,43,6.333,1.375
388,0.000,20,20,20,6.245,1.391
389,0.000,62,62,62,6.177,1.285
390,0.000,28,28,28,6.078,1.436
391,0.000,34,34,34,6.186,1.519
392,0.000,57,57,57,6.281,1.562
393,0.000,65,65,65,6.179,1.590
394,0.000,33,33,33,6.042,1.604
395,0.000,25,25,25,6.023,1.155
396,0.000,25,25,25,5.882,1.556
397,0.000,40,40,40,5.823,1.653
398,0.000,45,45,45,5.951,1.776
399,0.000,64,64,64,5.717,1.793
400,0.000,63,63,63,5.979,1.918
401,0.000,52,52,52,5.957,1.877
402,0.000,40,40,40,5.866,1.896
403,0.000,52,52,52,5.780,2.047
404,0.000,35,35,35,5.674,2.045
405,0.000,29,29,29,5.648,1.970
406,0.000,56,56,56,5.542,2.038
407,0.000,50,50,50,5.535,2.118
408,0.000,29,29,29,5.500,1.988
409,0.000,36,36,36,5.361,2.050
410,0.000,56,56,56,5.304,1.939
411,0.000,39,39,39,5.179,1.998
412,0.000,41,41,41,4.870,2.161
413,0.000,49,49,49,5.061,2.248
414,0.000,44,44,44,4.938,2.264
415,0.000,53,53,53,5.045,2.352
416,0.000,48,48,48,4.983,2.382
417,0.000,50,50,50,4.858,2.347
418,0.000,57,57,57,5.101,2.410
419,0.000,30,30,30,5.167,2.325
420,0.000,53,53,53,5.260,2.125
421,0.000,45,45,45,5.316,2.163
422,0.000,59,59,59,5.365,2.191
423,0.000,52,52,52,5.352,2.285
424,0.000,28,28,28,5.481,2.241
425,0.000,27,27,27,5.637,2.266
426,0.000,35,35,35,5.469,2.373
427,0.000,27,27,27,5.540,2.403
428,0.000,26,26,26,5.623,2.373
429,0.000,27,27,27,5.741,2.207
430,0.000,42,42,42,5.797,2.168
431,0.000,42,42,42,5.865,2.260
432,0.000,39,39,39,5.934,2.127
433,0.000,47,47,47,6.000,2.075
434,0.000,30,30,30,6.002,2.148
435,0.000,25,25,25,6.045,2.236
436,0.000,25,25,25,6.132,2.135
437,0.000,29,29,29,6.115,2.047
438,0.000,45,45,45,6.203,1.951
439,0.000,44,44,44,6.304,1.993
440,0.000,35,35,35,6.293,2.049
441,0.000,27,27,27,6.286,2.227
442,0.000,37,37,37,6.443,1.965
443,0.000,37,37,37,6.125,2.377
444,0.000,48,48,48,5.750,2.399
445,0.000,37,37,37,6.443,2.314
446,0.000,38,38,38,6.457,2.361
447,0.000,45,45,45,6.540,2.363
448,0.000,35,35,35,6.538,2.215
449,0.000,32,32,32,6.545,2.099
450,0.000,40,40,40,6.576,2.056
451,0.000,57,57,57,6.694,2.175
452,0.000,25,25,25,6.689,2.085
453,0.000,55,55,55,6.766,2.089
454,0.000,50,50,50,6.802,2.264
455,0.000,35,35,35,6.780,2.356
456,0.000,28,28,28,6.682,2.375
457,0.000,30,30,30,6.667,2.323
458,0.000,27,27,27,6.700,1.788
459,0.000,50,50,50,6.641,1.757
460,0.000,52,52,52,6.781,1.667
461,0.000,48,48,48,6.644,1.632
462,0.000,58,58,58,6.554,1.674
463,0.000,39,39,39,6.375,1.720
464,0.000,47,47,47,5.705,0.792
465,0.000,34,34,34,5.795,0.738
466,0.000,53,53,53,4.646,0.498
467,0.000,45,45,45,4.576,0.484
468,0.000,63,63,63,4.655,0.399
469,0.000,38,38,38,4.627,0.292
470,0.000,31,31,31,4.517,0.330
471,0.000,36,36,36,4.418,0.453
472,0.000,54,54,54,4.356,0.378
473,0.000,74,74,74,4.269,0.311
474,0.000,51,51,51,4.288,0.288
475,0.000,53,53,53,4.358,0.219
476,0.000,51,51,51,4.391,0.177
477,0.000,51,51,51,4.262,0.134
478,0.000,56,56,56,4.762,0.271
479,0.000,35,35,35,4.729,0.155
480,0.000,35,35,35,4.793,0.208
481,0.000,64,64,64,4.852,0.307
482,0.000,45,45,45,4.884,0.245
483,0.000,30,30,30,4.517,0.033
484,0.000,27,27,27,4.642,0.186
485,0.000,42,42,42,5.040,0.095
486,0.000,63,63,63,5.089,0.299
487,0.000,66,66,66,5.101,0.398
488,0.000,57,57,57,4.991,0.470
489,0.000,34,34,34,5.165,0.462
490,0.000,38,38,38,5.252,0.418
491,0.000,43,43,43,5.332,0.406
492,0.000,47,47,47,5.464,0.389
493,0.000,50,50,50,5.415,0.441
494,0.000,66,66,66,5.384,0.476
495,0.000,75,75,75,5.510,0.439
496,0.000,33,33,33,5.542,0.573
497,0.000,47,47,47,5.264,0.622
498,0.000,44,44,44,5.771,0.550
499,0.000,37,37,37,5.878,0.540
500,0.000,26,26,26,5.950,0.594
501,0.000,29,29,29,6.005,0.543
502,0.000,37,37,37,6.097,0.444
503,0.000,29,29,29,6.113,0.339
504,0.000,36,36,36,6.182,0.318
505,0.000,32,32,32,6.189,0.441
506,0.000,29,29,29,5.969,0.302
507,0.000,32,32,32,5.637,0.446
508,0.000,39,39,39,5.620,0.311
509,0.000,44,44,44,5.658,0.266
510,0.000,42,42,42,5.616,0.200
511,0.000,25,25,25,5.377,0.222
512,0.000,28,28,28,5.264,0.167
513,0.000,29,29,29,5.474,0.054
514,0.000,52,52,52,5.698,0.047
515,0.000,22,22,22,5.354,0.045
516,0.000,30,30,30,5.247,0.023
517,0.000,41,41,41,6.069,0.123
518,0.000,37,37,37,6.193,0.101
519,0.000,28,28,28,6.142,0.056
520,0.000,33,33,33,6.259,0.134
521,0.000,38,38,38,6.061,0.021
522,0.000,35,35,35,6.104,0.260
523,0.000,41,41,41,6.425,0.507
524,0.000,48,48,48,6.589,0.488
525,0.000,51,51,51,6.585,0.431
526,0.000,25,25,25,6.547,0.299
527,0.000,30,30,30,6.646,0.299
528,0.000,37,37,37,6.743,0.321
529,0.000,40,40,40,6.757,0.446
530,0.000,26,26,26,6.681,0.450
531,0.000,46,46,46,6.698,0.566
532,0.000,30,30,30,6.604,0.609
533,0.000,54,54,54,6.773,0.573
534,0.000,30,30,30,6.729,0.220
535,0.000,43,43,43,6.700,0.123
536,0.000,35,35,35,6.707,0.026
537,0.000,30,30,30,6.559,0.047
538,0.000,33,33,33,6.536,0.156
539,0.000,22,22,22,6.488,0.073
540,0.000,39,39,39,6.790,0.771
541,0.000,30,30,30,6.826,1.208
542,0.000,58,58,58,6.818,1.002
543,0.000,54,54,54,6.819,0.891
544,0.000,54,54,54,6.842,1.517
545,0.000,31,31,31,6.852,1.594
546,0.000,36,36,36,6.536,1.606
547,0.000,40,40,40,6.622,1.559
548,0.000,35,35,35,0.057,0.168
549,0.000,39,39,39,0.118,0.108
550,0.000,32,32,32,0.240,0.010
551,0.000,35,35,35,0.385,0.028
552,0.000,34,34,34,0.439,0.092
553,0.000,42,42,42,0.550,0.052
554,0.000,28,28,28,0.424,0.158
555,0.000,50,50,50,0.314,0.271
556,0.000,24,24,24,0.165,0.283
557,0.000,41,41,41,0.444,0.266
558,0.000,54,54,54,0.526,0.257
559,0.000,61,61,61,0.512,0.208
560,0.000,31,31,31,0.540,0.155
561,0.000,74,74,74,0.693,0.097
562,0.000,55,55,55,0.703,0.052
563,0.000,50,50,50,0.863,0.087
564,0.000,32,32,32,0.771,0.125
565,0.000,64,64,64,1.042,0.134
566,0.000,33,33,33,1.094,0.104
567,0.000,33,33,33,1.123,0.045
568,0.000,48,48,48,1.115,0.231
569,0.000,51,51,51,1.243,0.288
570,0.000,37,37,37,1.040,0.318
571,0.000,50,50,50,0.830,0.352
572,0.000,35,35,35,0.830,0.288
573,0.000,36,36,36,0.755,0.300
574,0.000,55,55,55,0.366,0.411
575,0.000,40,40,40,0.288,0.502
576,0.000,59,59,59,0.509,0.462
577,0.000,58,58,58,0.569,0.462
578,0.000,40,40,40,0.531,0.502
579,0.000,57,57,57,0.663,0.589
580,0.000,52,52,52,0.766,0.457
581,0.000,30,30,30,0.696,0.503
582,0.000,72,72,72,0.826,0.530
583,0.000,60,60,60,0.870,0.545
584,0.000,54,54,54,0.776,0.594
585,0.000,40,40,40,0.833,0.625
586,0.000,28,28,28,0.679,0.686
587,0.000,31,31,31,0.613,0.677
588,0.000,78,78,78,0.514,0.677
589,0.000,57,57,57,0.514,0.766
590,0.000,26,26,26,0.446,0.733
591,0.000,35,35,35,0.366,0.736
592,0.000,68,68,68,0.359,0.793
593,0.000,36,36,36,0.318,0.661
594,0.000,34,34,34,0.155,0.753
595,0.000,33,33,33,0.089,0.759
596,0.000,38,38,38,0.095,0.858
597,0.000,30,30,30,0.248,0.979
598,0.000,56,56,56,0.356,0.924
599,0.000,43,43,43,0.349,0.965
600,0.000,47,47,47,0.422,0.922
601,0.000,29,29,29,0.509,0.969
602,0.000,29,29,29,0.536,0.944
603,0.000,49,49,49,0.580,0.896
604,0.000,56,56,56,0.684,0.927
605,0.000,54,54,54,0.776,0.839
606,0.000,40,40,40,0.681,0.811
607,0.000,61,61,61,0.786,0.762
608,0.000,61,61,61,0.887,0.795
609,0.000,39,39,39,0.944,0.828
610,0.000,30,30,30,1.059,0.885
611,0.000,57,57,57,1.172,0.812
612,0.000,50,50,50,1.184,0.764
613,0.000,66,66,66,1.156,0.675
614,0.000,27,27,27,1.009,0.675
615,0.000,57,57,57,1.274,0.622
616,0.000,68,68,68,1.382,0.747
617,0.000,39,39,39,1.333,0.493
618,0.000,33,33,33,1.186,0.460
619,0.000,61,61,61,1.094,0.431
620,0.000,27,27,27,1.219,0.373
621,0.000,19,19,19,1.252,0.411
622,0.000,58,58,58,1.472,0.352
623,0.000,23,23,23,0.325,1.061
624,0.000,40,40,40,0.076,1.297
625,0.000,43,43,43,0.097,1.321
626,0.000,39,39,39,0.009,1.307
627,0.000,31,31,31,0.021,1.410
628,0.000,34,34,34,0.236,1.300
629,0.000,33,33,33,0.231,1.394
630,0.000,27,27,27,0.340,1.233
631,0.000,29,29,29,0.410,1.245
632,0.000,35,35,35,0.571,1.191
633,0.000,43,43,43,0.625,1.177
634,0.000,34,34,34,0.701,1.231
635,0.000,41,41,41,0.714,1.283
636,0.000,51,51,51,0.521,1.410
637,0.000,44,44,44,0.540,1.474
638,0.000,23,23,23,0.292,1.507
639,0.000,28,28,28,0.267,1.630
640,0.000,67,67,67,0.615,1.616
641,0.000,43,43,43,0.705,1.602
642,0.000,52,52,52,0.512,1.714
643,0.000,52,52,52,0.484,1.759
644,0.000,30,30,30,0.415,1.722
645,0.000,36,36,36,0.797,1.373
646,0.000,54,54,54,0.875,1.413
647,0.000,30,30,30,0.804,1.470
648,0.000,44,44,44,0.939,1.422
649,0.000,47,47,47,1.036,1.399
650,0.000,54,54,54,1.262,1.380
651,0.000,38,38,38,1.264,1.212
652,0.000,54,54,54,1.417,1.156
653,0.000,60,60,60,1.448,1.257
654,0.000,39,39,39,1.358,1.264
655,0.000,66,66,66,1.479,0.995
656,0.000,62,62,62,1.372,0.868
657,0.000,76,76,76,1.724,0.972
658,0.000,86,86,86,1.653,0.774
659,0.000,45,45,45,1.573,0.745
660,0.000,28,28,28,1.141,1.427
661,0.000,48,48,48,1.104,1.622
662,0.000,35,35,35,1.069,1.547
663,0.000,96,96,96,0.974,1.609
664,0.000,47,47,47,0.790,1.760
665,0.000,74,74,74,1.054,1.762
666,0.000,68,68,68,1.132,1.773
667,0.000,54,54,54,1.273,1.764
668,0.000,55,55,55,1.425,1.703
669,0.000,23,23,23,1.316,1.710
670,0.000,43,43,43,1.500,1.604
671,0.000,39,39,39,1.476,1.495
672,0.000,62,62,62,1.528,1.417
673,0.000,44,44,44,1.660,1.431
674,0.000,41,41,41,1.681,1.477
675,0.000,53,53,53,1.578,1.750
676,0.000,36,36,36,1.821,1.686
677,0.000,54,54,54,1.778,1.451
678,0.000,49,49,49,1.766,1.389
679,0.000,83,83,83,1.811,1.295
680,0.000,41,41,41,1.913,1.583
681,0.000,49,49,49,1.868,1.753
682,0.000,32,32,32,1.957,1.703
683,0.000,33,33,33,1.988,1.767
684,0.000,56,56,56,1.929,1.241
685,0.000,57,57,57,1.983,1.149
686,0.000,58,58,58,1.998,1.017
687,0.000,51,51,51,1.977,0.981
688,0.000,56,56,56,2.102,1.042
689,0.000,48,48,48,2.130,1.316
690,0.000,61,61,61,2.201,1.201
691,0.000,62,62,62,2.273,1.280
692,0.000,50,50,50,2.252,1.377
693,0.000,30,30,30,2.179,1.432
694,0.000,51,51,51,2.014,1.457
695,0.000,73,73,73,1.995,1.552
696,0.000,41,41,41,2.097,1.549
697,0.000,69,69,69,2.116,1.677
698,0.000,43,43,43,2.158,1.611
699,0.000,29,29,29,2.212,1.594
700,0.000,41,41,41,2.304,1.566
701,0.000,54,54,54,2.304,1.755
702,0.000,29,29,29,2.255,1.700
703,0.000,45,45,45,1.767,0.880
704,0.000,47,47,47,1.884,0.819
705,0.000,47,47,47,2.026,0.818
706,0.000,58,58,58,2.123,0.724
707,0.000,52,52,52,1.884,0.589
708,0.000,50,50,50,1.837,0.528
709,0.000,46,46,46,1.658,0.368
710,0.000,60,60,60,1.571,0.408
711,0.000,67,67,67,1.569,0.450
712,0.000,68,68,68,1.606,0.590
713,0.000,34,34,34,1.521,0.575
714,0.000,32,32,32,1.722,0.816
715,0.000,35,35,35,1.837,0.443
716,0.000,40,40,40,1.793,0.358
717,0.000,37,37,37,1.894,0.274
718,0.000,48,48,48,2.090,0.339
719,0.000,30,30,30,2.080,0.391
720,0.000,37,37,37,2.113,0.281
721,0.000,53,53,53,2.165,0.075
722,0.000,67,67,67,2.234,0.014
723,0.000,44,44,44,1.965,0.031
724,0.000,65,65,65,1.882,0.014
725,0.000,39,39,39,1.842,0.144
726,0.000,69,69,69,1.672,0.061
727,0.000,44,44,44,1.512,0.144
728,0.000,60,60,60,1.707,0.628
729,0.000,69,69,69,0.969,1.832
730,0.000,71,71,71,0.844,1.830
731,0.000,46,46,46,0.835,1.707
732,0.000,28,28,28,0.727,1.759
733,0.000,39,39,39,0.839,1.872
734,0.000,63,63,63,0.566,1.837
735,0.000,48,48,48,0.576,1.913
736,0.000,66,66,66,0.601,2.010
737,0.000,38,38,38,0.438,1.964
738,0.000,56,56,56,0.344,1.826
739,0.000,37,37,37,0.201,1.812
740,0.000,39,39,39,0.188,1.936
741,0.000,28,28,28,0.090,1.875
742,0.000,38,38,38,0.021,1.997
743,0.000,39,39,39,0.019,2.087
744,0.000,43,43,43,0.080,2.198
745,0.000,27,27,27,0.047,2.276
746,0.000,59,59,59,0.382,2.163
747,0.000,70,70,70,0.358,2.101
748,0.000,39,39,39,0.464,2.052
749,0.000,44,44,44,0.538,2.113
750,0.000,36,36,36,0.684,1.913
751,0.000,66,66,66,0.870,2.148
752,0.000,58,58,58,0.837,2.028
753,0.000,80,80,80,0.859,1.990
754,0.000,53,53,53,1.142,1.962
755,0.000,55,55,55,1.257,1.969
756,0.000,52,52,52,1.234,2.042
757,0.000,89,89,89,1.189,2.095
758,0.000,36,36,36,1.233,1.870
759,0.000,47,47,47,1.010,2.151
760,0.000,68,68,68,0.964,2.194
761,0.000,38,38,38,0.962,2.247
762,0.000,25,25,25,0.894,2.245
763,0.000,54,54,54,0.938,2.319
764,0.000,70,70,70,0.851,2.330
765,0.000,52,52,52,0.613,2.302
766,0.000,72,72,72,0.575,2.276
767,0.000,57,57,57,0.542,2.207
768,0.000,34,34,34,0.736,2.277
769,0.000,31,31,31,0.515,2.339
770,0.000,62,62,62,0.355,2.293
771,0.000,32,32,32,0.505,2.419
772,0.000,38,38,38,0.395,2.434
773,0.000,45,45,45,0.329,2.409
774,0.000,54,54,54,0.616,2.456
775,0.000,36,36,36,0.617,2.413
776,0.000,36,36,36,0.372,2.520
777,0.000,33,33,33,0.289,2.509
778,0.000,47,47,47,0.288,2.566
779,0.000,34,34,34,0.228,2.308
780,0.000,36,36,36,0.108,2.308
781,0.000,34,34,34,0.146,1.995
782,0.000,58,58,58,0.046,2.545
783,0.000,40,40,40,0.130,2.627
784,0.000,38,38,38,0.022,2.628
785,0.000,43,43,43,0.319,2.660
786,0.000,68,68,68,0.456,2.723
787,0.000,63,63,63,0.524,2.679
788,0.000,41,41,41,0.285,2.778
789,0.000,54,54,54,0.192,2.757
790,0.000,34,34,34,0.074,2.791
791,0.000,44,44,44,0.444,2.876
792,0.000,27,27,27,0.522,2.825
793,0.000,71,71,71,0.645,2.802
794,0.000,54,54,54,0.786,2.823
795,0.000,25,25,25,0.822,2.769
796,0.000,38,38,38,0.766,2.714
797,0.000,35,35,35,0.818,2.613
798,0.000,52,52,52,0.986,2.531
799,0.000,44,44,44,0.934,2.567
800,0.000,31,31,31,1.119,2.400
801,0.000,40,40,40,1.137,2.572
802,0.000,55,55,55,1.226,2.492
803,0.000,62,62,62,1.315,2.395
804,0.000,28,28,28,1.045,2.262
805,0.000,33,33,33,1.095,2.274
806,0.000,54,54,54,1.311,2.240
807,0.000,38,38,38,1.297,2.157
808,0.000,59,59,59,1.541,2.258
809,0.000,57,57,57,1.448,2.057
810,0.000,48,48,48,1.513,2.125
811,0.000,64,64,64,1.564,2.104
812,0.000,51,51,51,1.531,2.583
813,0.000,59,59,59,1.464,2.688
814,0.000,34,34,34,1.471,2.635
815,0.000,69,69,69,1.412,2.795
816,0.000,40,40,40,1.200,2.704
817,0.000,32,32,32,1.242,2.846
818,0.000,23,23,23,1.294,2.493
819,0.000,38,38,38,1.383,2.358
820,0.000,56,56,56,1.729,2.396
821,0.000,45,45,45,1.854,2.302
822,0.000,58,58,58,1.875,2.372
823,0.000,48,48,48,1.646,2.250
824,0.000,59,59,59,1.628,2.188
825,0.000,49,49,49,1.889,2.073
826,0.000,43,43,43,1.885,2.132
827,0.000,57,57,57,1.882,2.170
828,0.000,41,41,41,1.656,2.101
829,0.000,68,68,68,1.726,1.868
830,0.000,28,28,28,1.792,1.948
831,0.000,68,68,68,2.042,2.253
832,0.000,49,49,49,2.080,2.330
833,0.000,35,35,35,2.149,2.222
834,0.000,28,28,28,2.212,2.271
835,0.000,52,52,52,2.292,2.146
836,0.000,47,47,47,2.375,2.128
837,0.000,51,51,51,2.354,2.073
838,0.000,52,52,52,2.354,2.010
839,0.000,42,42,42,2.333,1.861
840,0.000,41,41,41,2.240,1.861
841,0.000,29,29,29,2.146,2.049
842,0.000,50,50,50,2.389,2.299
843,0.000,66,66,66,2.351,2.385
844,0.000,45,45,45,2.295,2.358
845,0.000,78,78,78,2.406,2.469
846,0.000,73,73,73,2.632,2.552
847,0.000,60,60,60,2.465,2.628
848,0.000,67,67,67,2.368,2.625
849,0.000,85,85,85,2.392,2.701
850,0.000,56,56,56,2.177,2.507
851,0.000,82,82,82,1.955,2.531
852,0.000,47,47,47,1.955,2.444
853,0.000,35,35,35,2.191,2.715
854,0.000,35,35,35,1.969,2.660
855,0.000,38,38,38,2.038,2.597
856,0.000,88,88,88,2.278,2.701
857,0.000,69,69,69,2.316,2.750
858,0.000,84,84,84,2.355,2.778
859,0.000,76,76,76,2.338,2.907
860,0.000,63,63,63,2.311,3.005
861,0.000,51,51,51,2.282,3.031
862,0.000,56,56,56,2.513,3.007
863,0.000,72,72,72,2.697,2.939
864,0.000,53,53,53,2.760,2.874
865,0.000,62,62,62,2.836,2.807
866,0.000,43,43,43,2.718,2.753
867,0.000,52,52,52,2.838,3.006
868,0.000,32,32,32,2.801,3.046
869,0.000,51,51,51,2.971,3.142
870,0.000,37,37,37,2.655,3.071
871,0.000,47,47,47,2.506,3.117
872,0.000,52,52,52,2.594,3.215
873,0.000,59,59,59,2.650,3.274
874,0.000,58,58,58,1.895,2.641
875,0.000,40,40,40,1.750,2.642
876,0.000,34,34,34,1.854,2.749
877,0.000,67,67,67,1.750,2.781
878,0.000,30,30,30,1.677,2.745
879,0.000,33,33,33,1.677,2.852
880,0.000,32,32,32,1.991,2.845
881,0.000,43,43,43,2.027,2.919
882,0.000,68,68,68,2.119,2.971
883,0.000,59,59,59,2.095,3.030
884,0.000,63,63,63,1.916,3.065
885,0.000,68,68,68,1.895,3.161
886,0.000,41,41,41,1.926,3.237
887,0.000,62,62,62,1.846,3.272
888,0.000,42,42,42,2.079,3.189
889,0.000,52,52,52,2.334,2.826
890,0.000,37,37,37,2.263,3.181
891,0.000,31,31,31,2.197,3.235
892,0.000,84,84,84,2.197,3.270
893,0.000,49,49,49,2.258,3.260
894,0.000,46,46,46,2.369,3.251
895,0.000,45,45,45,2.196,3.340
896,0.000,43,43,43,2.222,3.325
897,0.000,61,61,61,2.278,3.335
898,0.000,52,52,52,2.040,3.356
899,0.000,36,36,36,2.118,3.458
900,0.000,38,38,38,1.490,3.047
901,0.000,51,51,51,1.554,2.964
902,0.000,50,50,50,1.625,2.969
903,0.000,18,18,18,1.523,2.889
904,0.000,65,65,65,2.856,2.637
905,0.000,33,33,33,2.861,2.703
906,0.000,28,28,28,3.021,2.592
907,0.000,25,25,25,3.005,2.694
908,0.000,19,19,19,3.095,2.667
909,0.000,36,36,36,3.214,2.648
910,0.000,28,28,28,1.507,3.179
911,0.000,32,32,32,1.733,3.269
912,0.000,77,77,77,1.446,3.356
913,0.000,26,26,26,1.628,3.443
914,0.000,69,69,69,1.476,3.540
915,0.000,52,52,52,1.401,3.594
916,0.000,34,34,34,1.639,3.634
917,0.000,27,27,27,1.774,3.585
918,0.000,42,42,42,1.885,3.540
919,0.000,24,24,24,1.998,3.622
920,0.000,44,44,44,2.078,3.585
921,0.000,29,29,29,2.151,3.637
922,0.000,32,32,32,1.547,3.785
923,0.000,43,43,43,1.700,3.812
924,0.000,74,74,74,1.410,3.780
925,0.000,45,45,45,1.394,3.684
926,0.000,44,44,44,1.453,3.707
927,0.000,44,44,44,1.326,3.832
928,0.000,38,38,38,1.696,4.042
929,0.000,29,29,29,1.589,4.061
930,0.000,60,60,60,1.901,3.931
931,0.000,38,38,38,1.941,3.859
932,0.000,24,24,24,2.033,3.823
933,0.000,59,59,59,2.153,3.878
934,0.000,51,51,51,2.238,3.941
935,0.000,53,53,53,1.946,4.009
936,0.000,36,36,36,2.104,4.102
937,0.000,57,57,57,1.957,4.125
938,0.000,33,33,33,1.884,4.073
939,0.000,56,56,56,2.290,3.847
940,0.000,66,66,66,2.233,3.797
941,0.000,40,40,40,2.375,3.809
942,0.000,54,54,54,2.484,3.786
943,0.000,36,36,36,2.582,3.786
944,0.000,36,36,36,2.656,3.700
945,0.000,34,34,34,2.786,3.736
946,0.000,52,52,52,2.703,3.892
947,0.000,51,51,51,2.561,3.924
948,0.000,37,37,37,2.363,3.925
949,0.000,61,61,61,2.510,4.128
950,0.000,79,79,79,2.630,4.243
951,0.000,72,72,72,2.759,4.307
952,0.000,45,45,45,2.727,4.460
953,0.000,52,52,52,2.328,4.351
954,0.000,56,56,56,2.290,4.293
955,0.000,62,62,62,2.389,4.316
956,0.000,29,29,29,2.214,4.243
957,0.000,30,30,30,2.233,4.038
958,0.000,82,82,82,1.356,2.984
959,0.000,97,97,97,1.273,3.100
960,0.000,38,38,38,1.278,3.201
961,0.000,43,43,43,1.282,3.266
962,0.000,42,42,42,1.130,3.164
963,0.000,28,28,28,1.134,3.220
964,0.000,35,35,35,0.986,3.025
965,0.000,56,56,56,0.917,3.062
966,0.000,43,43,43,0.884,3.155
967,0.000,54,54,54,0.856,2.919
968,0.000,27,27,27,0.764,3.058
969,0.000,53,53,53,0.648,3.016
970,0.000,46,46,46,0.574,3.081
971,0.000,35,35,35,0.657,3.206
972,0.000,37,37,37,0.435,3.030
973,0.000,34,34,34,0.273,2.910
974,0.000,31,31,31,0.208,2.947
975,0.000,49,49,49,0.093,2.998
976,0.000,35,35,35,0.028,2.951
977,0.000,58,58,58,0.190,3.201
978,0.000,41,41,41,0.241,3.183
979,0.000,43,43,43,0.417,3.308
980,0.000,50,50,50,0.519,3.377
981,0.000,71,71,71,0.560,3.410
982,0.000,34,34,34,0.514,3.475
983,0.000,50,50,50,0.208,3.465
984,0.000,67,67,67,0.838,3.382
985,0.000,64,64,64,0.838,3.470
986,0.000,69,69,69,0.741,3.461
987,0.000,56,56,56,0.745,3.377
988,0.000,51,51,51,1.282,3.433
989,0.000,30,30,30,1.250,3.377
990,0.000,27,27,27,1.134,3.340
991,0.000,41,41,41,0.954,3.317
992,0.000,72,72,72,1.125,3.400
993,0.000,28,28,28,1.199,3.553
994,0.000,20,20,20,1.120,3.516
995,0.000,52,52,52,1.060,3.613
996,0.000,36,36,36,0.921,3.664
997,0.000,54,54,54,0.986,3.752
998,0.000,31,31,31,0.903,3.715
999,0.000,55,55,55,0.866,3.799
1000,0.000,66,66,66,0.648,3.729
1001,0.000,42,42,42,0.602,3.706
1002,0.000,33,33,33,0.713,3.623
1003,0.000,23,23,23,0.083,3.669
1004,0.000,34,34,34,0.162,3.831
1005,0.000,44,44,44,0.389,3.817
1006,0.000,43,43,43,0.468,3.896
1007,0.000,53,53,53,0.389,3.951
1008,0.000,56,56,56,0.468,3.961
1009,0.000,57,57,57,0.546,3.970
1010,0.000,57,57,57,0.560,4.044
1011,0.000,30,30,30,0.454,4.095
1012,0.000,30,30,30,0.157,3.998
1013,0.000,25,25,25,0.097,3.947
1014,0.000,28,28,28,0.046,4.039
1015,0.000,74,74,74,0.171,4.053
1016,0.000,51,51,51,0.056,4.234
1017,0.000,58,58,58,0.088,4.164
1018,0.000,39,39,39,0.389,4.215
1019,0.000,41,41,41,0.301,4.257
1020,0.000,32,32,32,0.185,4.368
1021,0.000,55,55,55,0.111,4.456
1022,0.000,70,70,70,0.032,4.539
1023,0.000,46,46,46,0.356,4.438
1024,0.000,32,32,32,0.468,4.363
1025,0.000,36,36,36,0.500,4.285
1026,0.000,58,58,58,0.634,4.368
1027,0.000,58,58,58,0.736,4.155
1028,0.000,34,34,34,0.685,4.275
1029,0.000,62,62,62,1.093,4.039
1030,0.000,43,43,43,1.116,4.113
1031,0.000,74,74,74,1.176,4.058
1032,0.000,48,48,48,1.153,3.914
1033,0.000,64,64,64,1.125,3.891
1034,0.000,51,51,51,1.282,3.794
1035,0.000,53,53,53,1.282,4.285
1036,0.000,45,45,45,1.287,4.206
1037,0.000,35,35,35,1.324,4.252
1038,0.000,38,38,38,1.481,4.197
1039,0.000,39,39,39,1.023,4.243
1040,0.000,43,43,43,0.838,4.062
1041,0.000,42,42,42,0.852,4.405
1042,0.000,54,54,54,0.176,4.627
1043,0.000,51,51,51,0.019,4.757
1044,0.000,36,36,36,0.514,4.613
1045,0.000,42,42,42,0.639,4.637
1046,0.000,44,44,44,0.616,4.683
1047,0.000,30,30,30,0.500,4.720
1048,0.000,70,70,70,0.995,4.572
1049,0.000,48,48,48,1.088,4.539
1050,0.000,41,41,41,1.259,4.590
1051,0.000,64,64,64,1.083,4.799
1052,0.000,52,52,52,1.310,4.771
1053,0.000,40,40,40,1.389,4.660
1054,0.000,40,40,40,0.819,4.692
1055,0.000,26,26,26,0.764,4.771
1056,0.000,29,29,29,0.681,4.887
1057,0.000,19,19,19,0.569,4.919
1058,0.000,40,40,40,0.468,4.965
1059,0.000,35,35,35,0.343,4.850
1060,0.000,33,33,33,0.273,4.900
1061,0.000,22,22,22,0.185,4.947
1062,0.000,23,23,23,0.236,4.812
1063,0.000,43,43,43,0.444,5.155
1064,0.000,28,28,28,0.306,5.137
1065,0.000,38,38,38,0.241,5.303
1066,0.000,21,21,21,0.352,5.271
1067,0.000,47,47,47,0.046,5.150
1068,0.000,28,28,28,0.037,5.266
1069,0.000,42,42,42,0.824,5.104
1070,0.000,23,23,23,0.704,5.192
1071,0.000,28,28,28,0.602,5.275
1072,0.000,28,28,28,0.505,5.373
1073,0.000,23,23,23,0.560,5.424
1074,0.000,34,34,34,0.644,5.461
1075,0.000,41,41,41,0.296,5.488
1076,0.000,30,30,30,0.319,5.549
1077,0.000,26,26,26,0.125,5.549
1078,0.000,23,23,23,0.301,5.688
1079,0.000,23,23,23,0.954,5.076
1080,0.000,26,26,26,0.856,4.961
1081,0.000,62,62,62,1.074,4.993
1082,0.000,34,34,34,1.208,4.947
1083,0.000,43,43,43,1.343,4.914
1084,0.000,30,30,30,1.329,4.854
1085,0.000,31,31,31,1.449,4.882
1086,0.000,55,55,55,1.542,4.882
1087,0.000,45,45,45,1.676,4.836
1088,0.000,48,48,48,1.667,4.530
1089,0.000,42,42,42,1.731,4.382
1090,0.000,76,76,76,2.069,4.433
1091,0.000,29,29,29,1.926,4.396
1092,0.000,49,49,49,2.060,4.558
1093,0.000,47,47,47,2.005,4.512
1094,0.000,49,49,49,1.824,4.947
1095,0.000,44,44,44,1.852,4.896
1096,0.000,56,56,56,1.741,5.132
1097,0.000,24,24,24,1.509,5.137
1098,0.000,21,21,21,1.389,5.150
1099,0.000,65,65,65,1.394,5.373
1100,0.000,54,54,54,1.333,5.419
1101,0.000,73,73,73,1.412,5.428
1102,0.000,41,41,41,1.384,5.484
1103,0.000,75,75,75,1.162,5.340
1104,0.000,48,48,48,1.065,5.377
1105,0.000,52,52,52,1.162,5.225
1106,0.000,45,45,45,1.037,5.197
1107,0.000,44,44,44,0.917,5.456
1108,0.000,22,22,22,0.940,5.516
1109,0.000,24,24,24,0.806,5.465
1110,0.000,49,49,49,0.676,5.729
1111,0.000,24,24,24,0.745,5.646
1112,0.000,37,37,37,0.861,5.646
1113,0.000,32,32,32,0.986,5.632
1114,0.000,22,22,22,1.046,5.697
1115,0.000,45,45,45,1.074,5.734
1116,0.000,58,58,58,1.144,5.697
1117,0.000,62,62,62,1.319,5.701
1118,0.000,50,50,50,1.324,5.729
1119,0.000,25,25,25,1.694,4.655
1120,0.000,31,31,31,1.579,4.655
1121,0.000,32,32,32,1.644,4.442
1122,0.000,63,63,63,1.954,4.637
1123,0.000,68,68,68,1.944,4.692
1124,0.000,29,29,29,1.852,4.775
1125,0.000,29,29,29,1.926,4.525
1126,0.000,59,59,59,1.977,5.012
1127,0.000,40,40,40,1.556,5.326
1128,0.000,58,58,58,2.444,3.488
1129,0.000,52,52,52,2.616,3.405
1130,0.000,45,45,45,2.593,3.345
1131,0.000,39,39,39,2.537,3.317
1132,0.000,40,40,40,2.644,4.016
1133,0.000,47,47,47,2.727,4.039
1134,0.000,63,63,63,2.759,4.104
1135,0.000,35,35,35,2.810,4.035
1136,0.000,27,27,27,2.907,4.072
1137,0.000,28,28,28,2.907,4.174
1138,0.000,34,34,34,3.023,4.137
1139,0.000,69,69,69,3.019,4.169
1140,0.000,61,61,61,3.093,4.141
1141,0.000,47,47,47,3.162,4.220
1142,0.000,58,58,58,2.215,4.552
1143,0.000,50,50,50,2.240,4.684
1144,0.000,31,31,31,2.080,4.747
1145,0.000,62,62,62,2.149,4.958
1146,0.000,50,50,50,2.066,5.024
1147,0.000,47,47,47,2.219,4.910
1148,0.000,36,36,36,2.302,4.823
1149,0.000,31,31,31,2.378,4.729
1150,0.000,35,35,35,2.403,4.872
1151,0.000,30,30,30,2.469,4.771
1152,0.000,74,74,74,2.583,4.771
1153,0.000,35,35,35,2.632,4.708
1154,0.000,36,36,36,2.556,4.889
1155,0.000,30,30,30,2.406,4.580
1156,0.000,28,28,28,2.667,4.840
1157,0.000,30,30,30,2.722,4.913
1158,0.000,46,46,46,2.778,4.799
1159,0.000,44,44,44,2.892,4.785
1160,0.000,47,47,47,2.986,4.809
1161,0.000,42,42,42,3.003,4.965
1162,0.000,53,53,53,2.771,5.038
1163,0.000,52,52,52,2.719,5.108
1164,0.000,76,76,76,2.469,5.094
1165,0.000,41,41,41,2.337,5.080
1166,0.000,36,36,36,2.319,5.194
1167,0.000,36,36,36,2.132,5.160
1168,0.000,51,51,51,2.045,5.219
1169,0.000,49,49,49,1.878,5.340
1170,0.000,57,57,57,1.778,5.424
1171,0.000,70,70,70,2.125,5.517
1172,0.000,41,41,41,2.201,5.288
1173,0.000,49,49,49,1.910,5.632
1174,0.000,55,55,55,1.948,5.677
1175,0.000,34,34,34,1.910,5.816
1176,0.000,41,41,41,1.590,5.625
1177,0.000,54,54,54,1.608,5.809
1178,0.000,32,32,32,1.677,5.878
1179,0.000,30,30,30,1.778,5.809
1180,0.000,44,44,44,1.358,5.858
1181,0.000,63,63,63,1.375,6.062
1182,0.000,52,52,52,1.521,6.031
1183,0.000,55,55,55,1.490,6.125
1184,0.000,46,46,46,0.156,5.868
1185,0.000,32,32,32,0.035,5.802
1186,0.000,45,45,45,0.330,6.059
1187,0.000,44,44,44,0.128,6.174
1188,0.000,47,47,47,0.222,6.215
1189,0.000,23,23,23,0.521,6.069
1190,0.000,25,25,25,0.403,5.955
1191,0.000,46,46,46,0.597,5.913
1192,0.000,45,45,45,0.840,5.809
1193,0.000,47,47,47,0.826,6.017
1194,0.000,55,55,55,0.934,5.847
1195,0.000,30,30,30,0.747,5.924
1196,0.000,46,46,46,1.083,6.146
1197,0.000,51,51,51,0.788,6.149
1198,0.000,26,26,26,0.875,6.142
1199,0.000,29,29,29,0.688,6.062
1200,0.000,44,44,44,0.708,6.233
1201,0.000,30,30,30,0.559,6.208
1202,0.000,45,45,45,0.524,6.309
1203,0.000,50,50,50,0.079,6.359
1204,0.000,37,37,37,0.194,6.400
1205,0.000,34,34,34,0.190,6.475
1206,0.000,37,37,37,0.287,6.414
1207,0.000,28,28,28,0.273,6.558
1208,0.000,42,42,42,0.125,6.562
1209,0.000,37,37,37,0.412,6.562
1210,0.000,42,42,42,0.491,6.604
1211,0.000,45,45,45,0.278,6.743
1212,0.000,47,47,47,0.060,6.854
1213,0.000,53,53,53,0.204,6.900
1214,0.000,34,34,34,0.333,6.877
1215,0.000,40,40,40,0.574,6.502
1216,0.000,58,58,58,0.685,6.447
1217,0.000,46,46,46,0.653,6.396
1218,0.000,39,39,39,0.875,6.391
1219,0.000,42,42,42,0.875,6.312
1220,0.000,51,51,51,0.949,6.336
1221,0.000,75,75,75,2.236,5.667
1222,0.000,56,56,56,2.448,5.340
1223,0.000,53,53,53,1.125,6.417
1224,0.000,72,72,72,1.038,6.465
1225,0.000,58,58,58,1.049,6.552
1226,0.000,71,71,71,1.309,6.413
1227,0.000,36,36,36,1.274,6.312
1228,0.000,35,35,35,1.312,6.226
1229,0.000,59,59,59,1.583,6.497
1230,0.000,62,62,62,1.549,6.208
1231,0.000,40,40,40,1.625,6.236
1232,0.000,70,70,70,1.757,6.191
1233,0.000,53,53,53,1.927,6.288
1234,0.000,46,46,46,1.844,6.267
1235,0.000,41,41,41,1.778,6.389
1236,0.000,28,28,28,1.705,6.351
1237,0.000,46,46,46,1.066,6.903
1238,0.000,34,34,34,1.052,7.049
1239,0.000,45,45,45,0.910,6.948
1240,0.000,41,41,41,0.681,6.826
1241,0.000,21,21,21,0.708,6.708
1242,0.000,28,28,28,0.875,6.688
1243,0.000,45,45,45,1.361,6.688
1244,0.000,46,46,46,1.326,6.771
1245,0.000,71,71,71,1.597,6.833
1246,0.000,27,27,27,1.701,6.785
1247,0.000,25,25,25,1.333,6.938
1248,0.000,43,43,43,0.625,7.097
1249,0.000,25,25,25,0.743,7.035
1250,0.000,49,49,49,0.326,7.090
1251,0.000,30,30,30,1.549,7.007
1252,0.000,43,43,43,1.639,7.021
1253,0.000,28,28,28,1.118,6.701
1254,0.000,30,30,30,1.681,6.660
1255,0.000,40,40,40,1.940,6.674
1256,0.000,54,54,54,1.894,6.618
1257,0.000,46,46,46,1.824,6.618
1258,0.000,47,47,47,1.852,6.544
1259,0.000,30,30,30,2.065,6.507
1260,0.000,18,18,18,2.042,6.595
1261,0.000,24,24,24,2.116,6.632
1262,0.000,63,63,63,2.171,6.757
1263,0.000,41,41,41,2.083,6.771
1264,0.000,51,51,51,2.088,6.900
1265,0.000,40,40,40,2.005,7.067
1266,0.000,52,52,52,2.148,7.012
1267,0.000,36,36,36,2.204,6.896
1268,0.000,30,30,30,2.287,6.748
1269,0.000,31,31,31,2.356,6.623
1270,0.000,19,19,19,2.292,6.572
1271,0.000,43,43,43,2.361,6.461
1272,0.000,39,39,39,2.384,6.488
1273,0.000,31,31,31,2.458,6.549
1274,0.000,52,52,52,2.509,6.400
1275,0.000,74,74,74,2.403,6.294
1276,0.000,43,43,43,2.185,6.322
1277,0.000,47,47,47,2.009,6.118
1278,0.000,62,62,62,2.130,6.252
1279,0.000,31,31,31,1.906,6.243
1280,0.000,29,29,29,1.924,6.212
1281,0.000,44,44,44,2.052,6.194
1282,0.000,36,36,36,2.115,6.062
1283,0.000,38,38,38,2.240,6.052
1284,0.000,49,49,49,2.347,6.132
1285,0.000,52,52,52,2.531,6.222
1286,0.000,57,57,57,2.531,6.146
1287,0.000,62,62,62,2.194,5.854
1288,0.000,70,70,70,1.979,6.000
1289,0.000,46,46,46,2.604,5.819
1290,0.000,53,53,53,2.299,5.840
1291,0.000,51,51,51,2.681,5.899
1292,0.000,40,40,40,2.733,6.184
1293,0.000,37,37,37,2.625,6.174
1294,0.000,32,32,32,2.840,6.132
1295,0.000,23,23,23,2.861,6.233
1296,0.000,42,42,42,2.684,6.375
1297,0.000,43,43,43,2.715,6.312
1298,0.000,40,40,40,2.771,6.260
1299,0.000,33,33,33,2.806,6.399
1300,0.000,48,48,48,2.667,6.521
1301,0.000,42,42,42,2.698,6.580
1302,0.000,50,50,50,2.587,6.736
1303,0.000,51,51,51,2.712,6.781
1304,0.000,37,37,37,2.330,7.062
1305,0.000,37,37,37,2.552,7.097
1306,0.000,39,39,39,2.885,6.691
1307,0.000,32,32,32,2.823,6.851
1308,0.000,42,42,42,3.139,6.882
1309,0.000,47,47,47,3.090,6.983
1310,0.000,38,38,38,3.021,7.031
1311,0.000,47,47,47,2.986,6.851
1312,0.000,44,44,44,3.260,6.993
1313,0.000,32,32,32,3.392,7.094
1314,0.000,49,49,49,3.222,6.788
1315,0.000,35,35,35,3.125,6.802
1316,0.000,89,89,89,3.285,6.712
1317,0.000,61,61,61,3.163,6.594
1318,0.000,53,53,53,3.122,6.594
1319,0.000,52,52,52,3.073,6.556
1320,0.000,53,53,53,3.243,6.497
1321,0.000,58,58,58,2.462,5.549
1322,0.000,39,39,39,2.438,5.406
1323,0.000,27,27,27,2.323,5.392
1324,0.000,44,44,44,2.580,5.354
1325,0.000,27,27,27,2.667,5.333
1326,0.000,31,31,31,2.632,5.271
1327,0.000,64,64,64,2.677,5.545
1328,0.000,62,62,62,2.830,5.580
1329,0.000,30,30,30,2.712,5.465
1330,0.000,37,37,37,2.788,5.684
1331,0.000,51,51,51,2.764,5.764
1332,0.000,48,48,48,2.872,5.854
1333,0.000,56,56,56,3.024,5.844
1334,0.000,37,37,37,3.049,5.726
1335,0.000,47,47,47,3.128,5.712
1336,0.000,51,51,51,3.170,5.833
1337,0.000,74,74,74,3.163,6.035
1338,0.000,71,71,71,3.062,6.111
1339,0.000,74,74,74,3.128,6.188
1340,0.000,52,52,52,3.191,6.247
1341,0.000,34,34,34,3.281,6.267
1342,0.000,30,30,30,3.288,6.333
1343,0.000,50,50,50,3.389,6.274
1344,0.000,52,52,52,3.462,6.358
1345,0.000,75,75,75,3.507,6.212
1346,0.000,36,36,36,3.358,6.090
1347,0.000,31,31,31,3.392,6.024
1348,0.000,26,26,26,3.538,5.979
1349,0.000,29,29,29,3.559,6.146
1350,0.000,36,36,36,3.281,5.906
1351,0.000,32,32,32,3.427,6.556
1352,0.000,33,33,33,3.448,6.712
1353,0.000,40,40,40,3.573,6.497
1354,0.000,62,62,62,3.688,6.403
1355,0.000,46,46,46,3.615,6.413
1356,0.000,52,52,52,3.722,6.191
1357,0.000,48,48,48,3.750,6.260
1358,0.000,32,32,32,3.757,6.365
1359,0.000,64,64,64,3.774,6.528
1360,0.000,35,35,35,3.576,6.750
1361,0.000,38,38,38,3.549,6.840
1362,0.000,55,55,55,3.622,6.826
1363,0.000,30,30,30,3.736,6.819
1364,0.000,46,46,46,3.778,6.701
1365,0.000,46,46,46,3.889,6.583
1366,0.000,50,50,50,3.962,6.694
1367,0.000,46,46,46,4.062,6.847
1368,0.000,45,45,45,4.163,6.677
1369,0.000,30,30,30,3.951,6.448
1370,0.000,25,25,25,3.986,6.483
1371,0.000,36,36,36,3.958,6.372
1372,0.000,27,27,27,4.021,6.306
1373,0.000,34,34,34,4.062,6.385
1374,0.000,27,27,27,4.128,6.392
1375,0.000,70,70,70,4.174,6.375
1376,0.000,65,65,65,4.194,6.462
1377,0.000,34,34,34,4.125,6.528
1378,0.000,29,29,29,4.104,6.469
1379,0.000,26,26,26,4.264,6.625
1380,0.000,40,40,40,4.368,6.569
1381,0.000,43,43,43,3.222,5.611
1382,0.000,49,49,49,2.829,7.002
1383,0.000,19,19,19,2.676,6.961
1384,0.000,25,25,25,4.889,6.530
1385,0.000,20,20,20,5.014,6.488
1386,0.000,21,21,21,4.889,6.303
1387,0.000,20,20,20,4.833,6.382
1388,0.000,24,24,24,4.708,6.271
1389,0.000,28,28,28,4.538,6.295
1390,0.000,39,39,39,4.443,6.340
1391,0.000,37,37,37,4.422,6.295
1392,0.000,49,49,49,4.370,6.302
1393,0.000,41,41,41,4.372,6.344
1394,0.000,48,48,48,4.326,6.359
1395,0.000,44,44,44,4.292,6.326
1396,0.000,52,52,52,4.321,6.259
1397,0.000,35,35,35,4.448,6.233
1398,0.000,48,48,48,4.460,6.165
1399,0.000,34,34,34,4.377,6.137
1400,0.000,52,52,52,4.141,6.255
1401,0.000,39,39,39,3.898,6.130
1402,0.000,28,28,28,3.931,6.170
1403,0.000,32,32,32,4.002,6.104
1404,0.000,33,33,33,4.061,6.165
1405,0.000,52,52,52,4.217,6.049
1406,0.000,68,68,68,4.408,6.059
1407,0.000,52,52,52,4.354,5.960
1408,0.000,33,33,33,4.309,6.014
1409,0.000,36,36,36,4.250,5.955
1410,0.000,32,32,32,4.321,6.109
1411,0.000,38,38,38,4.526,6.146
1412,0.000,39,39,39,4.576,6.095
1413,0.000,50,50,50,4.646,6.193
1414,0.000,33,33,33,4.521,6.000
1415,0.000,31,31,31,4.601,6.012
1416,0.000,40,40,40,4.667,6.075
1417,0.000,42,42,42,4.753,6.095
1418,0.000,28,28,28,4.809,6.023
1419,0.000,52,52,52,4.828,5.962
1420,0.000,31,31,31,4.859,6.090
1421,0.000,37,37,37,4.856,5.917
1422,0.000,44,44,44,4.894,5.899
1423,0.000,34,34,34,4.917,5.960
1424,0.000,46,46,46,4.198,5.854
1425,0.000,54,54,54,4.109,5.835
1426,0.000,30,30,30,4.050,5.852
1427,0.000,31,31,31,4.005,5.911
1428,0.000,30,30,30,3.950,5.984
1429,0.000,30,30,30,4.021,5.997
1430,0.000,29,29,29,4.146,5.766
1431,0.000,40,40,40,4.205,5.842
1432,0.000,53,53,53,4.155,5.688
1433,0.000,52,52,52,4.045,5.618
1434,0.000,35,35,35,4.002,5.585
1435,0.000,36,36,36,3.964,5.613
1436,0.000,40,40,40,3.960,5.672
1437,0.000,21,21,21,4.030,5.712
1438,0.000,62,62,62,3.866,5.771
1439,0.000,25,25,25,3.903,5.807
1440,0.000,56,56,56,3.873,5.854
1441,0.000,63,63,63,3.819,5.826
1442,0.000,58,58,58,3.783,5.936
1443,0.000,35,35,35,3.648,5.859
1444,0.000,43,43,43,3.858,5.715
1445,0.000,31,31,31,3.101,6.007
1446,0.000,23,23,23,3.010,6.035
1447,0.000,28,28,28,2.476,5.826
1448,0.000,31,31,31,3.340,5.625
1449,0.000,49,49,49,3.565,5.590
1450,0.000,50,50,50,3.433,5.519
1451,0.000,38,38,38,3.530,5.521
1452,0.000,38,38,38,3.542,5.447
1453,0.000,79,79,79,3.380,5.400
1454,0.000,49,49,49,3.632,5.356
1455,0.000,31,31,31,3.472,5.352
1456,0.000,33,33,33,3.546,5.347
1457,0.000,37,37,37,3.590,5.312
1458,0.000,39,39,39,3.662,5.271
1459,0.000,41,41,41,3.567,5.220
1460,0.000,29,29,29,3.639,5.079
1461,0.000,59,59,59,3.438,5.069
1462,0.000,42,42,42,3.431,5.144
1463,0.000,32,32,32,3.359,5.264
1464,0.000,27,27,27,3.157,5.468
1465,0.000,72,72,72,3.051,5.451
1466,0.000,41,41,41,2.912,5.477
1467,0.000,69,69,69,3.062,5.382
1468,0.000,31,31,31,3.044,5.248
1469,0.000,28,28,28,2.917,5.333
1470,0.000,64,64,64,2.845,5.245
1471,0.000,61,61,61,2.796,5.206
1472,0.000,56,56,56,2.903,5.144
1473,0.000,32,32,32,3.053,5.060
1474,0.000,45,45,45,3.155,5.035
1475,0.000,80,80,80,3.229,5.046
1476,0.000,53,53,53,3.218,5.132
1477,0.000,33,33,33,3.134,5.167
1478,0.000,59,59,59,3.218,5.227
1479,0.000,37,37,37,3.301,5.109
1480,0.000,40,40,40,3.157,4.854
1481,0.000,39,39,39,3.275,4.843
1482,0.000,48,48,48,3.331,4.676
1483,0.000,29,29,29,3.162,4.738
1484,0.000,50,50,50,3.088,4.718
1485,0.000,37,37,37,3.190,4.660
1486,0.000,32,32,32,3.444,4.866
1487,0.000,37,37,37,3.535,4.812
1488,0.000,32,32,32,3.498,4.894
1489,0.000,26,26,26,3.572,4.884
1490,0.000,21,21,21,3.470,4.970
1491,0.000,37,37,37,3.653,4.984
1492,0.000,52,52,52,3.750,5.030
1493,0.000,70,70,70,3.833,4.972
1494,0.000,55,55,55,3.757,4.884
1495,0.000,33,33,33,3.694,4.826
1496,0.000,35,35,35,3.743,5.146
1497,0.000,40,40,40,3.822,5.176
1498,0.000,42,42,42,3.785,5.285
1499,0.000,53,53,53,3.826,5.377
1500,0.000,42,42,42,3.940,5.345
1501,0.000,45,45,45,3.880,5.451
1502,0.000,41,41,41,3.806,5.470
1503,0.000,31,31,31,3.792,5.581
1504,0.000,20,20,20,3.718,5.632
1505,0.000,26,26,26,4.065,5.509
1506,0.000,32,32,32,4.065,5.442
1507,0.000,34,34,34,4.056,5.389
1508,0.000,89,89,89,4.218,5.181
1509,0.000,42,42,42,4.141,5.384
1510,0.000,38,38,38,4.134,5.185
1511,0.000,43,43,43,4.150,5.266
1512,0.000,30,30,30,3.993,5.211
1513,0.000,77,77,77,3.938,5.123
1514,0.000,55,55,55,3.981,5.104
1515,0.000,56,56,56,4.037,5.014
1516,0.000,31,31,31,4.056,5.081
1517,0.000,36,36,36,3.938,4.991
1518,0.000,45,45,45,4.148,4.995
1519,0.000,46,46,46,4.102,4.917
1520,0.000,37,37,37,4.167,4.812
1521,0.000,39,39,39,4.255,4.831
1522,0.000,53,53,53,4.285,4.917
1523,0.000,43,43,43,4.359,4.824
1524,0.000,37,37,37,4.331,4.741
1525,0.000,29,29,29,3.905,4.792
1526,0.000,32,32,32,3.838,4.715
1527,0.000,32,32,32,3.951,4.681
1528,0.000,46,46,46,3.910,4.630
1529,0.000,41,41,41,3.963,4.613
1530,0.000,36,36,36,4.042,4.715
1531,0.000,35,35,35,4.069,4.662
1532,0.000,25,25,25,4.134,4.701
1533,0.000,42,42,42,4.090,4.600
1534,0.000,34,34,34,4.023,4.565
1535,0.000,31,31,31,4.044,4.470
1536,0.000,54,54,54,4.155,4.498
1537,0.000,59,59,59,4.245,4.438
1538,0.000,33,33,33,4.208,4.387
1539,0.000,43,43,43,4.035,4.354
1540,0.000,46,46,46,3.963,4.366
1541,0.000,34,34,34,3.975,4.412
1542,0.000,37,37,37,3.882,4.438
1543,0.000,42,42,42,3.796,4.456
1544,0.000,49,49,49,3.764,4.549
1545,0.000,35,35,35,3.660,4.549
1546,0.000,29,29,29,3.713,4.613
1547,0.000,63,63,63,3.699,4.692
1548,0.000,49,49,49,3.611,4.711
1549,0.000,54,54,54,3.498,4.655
1550,0.000,34,34,34,3.424,4.602
1551,0.000,35,35,35,3.509,4.514
1552,0.000,50,50,50,3.593,4.407
1553,0.000,61,61,61,3.683,4.366
1554,0.000,37,37,37,3.764,4.361
1555,0.000,37,37,37,3.250,4.523
1556,0.000,72,72,72,3.153,4.544
1557,0.000,59,59,59,3.042,4.574
1558,0.000,29,29,29,3.030,4.632
1559,0.000,55,55,55,3.000,4.583
1560,0.000,49,49,49,2.919,4.567
1561,0.000,42,42,42,2.914,4.623
1562,0.000,44,44,44,2.863,4.576
1563,0.000,38,38,38,2.928,4.488
1564,0.000,27,27,27,3.009,4.514
1565,0.000,39,39,39,2.863,4.451
1566,0.000,25,25,25,2.951,4.394
1567,0.000,26,26,26,2.833,4.384
1568,0.000,34,34,34,3.081,4.424
1569,0.000,71,71,71,4.309,5.622
1570,0.000,55,55,55,4.406,5.576
1571,0.000,45,45,45,4.330,5.531
1572,0.000,44,44,44,4.337,5.399
1573,0.000,55,55,55,4.434,5.760
1574,0.000,20,20,20,4.375,5.726
1575,0.000,25,25,25,4.431,5.899
1576,0.000,51,51,51,4.510,5.858
1577,0.000,23,23,23,4.397,5.828
1578,0.000,20,20,20,4.365,5.749
1579,0.000,19,19,19,4.214,5.507
1580,0.000,40,40,40,4.069,5.304
1581,0.000,23,23,23,4.571,5.546
1582,0.000,25,25,25,4.485,5.619
1583,0.000,44,44,44,4.535,5.693
1584,0.000,36,36,36,4.441,5.659
1585,0.000,28,28,28,4.456,5.457
1586,0.000,32,32,32,4.644,5.678
1587,0.000,39,39,39,4.655,5.623
1588,0.000,31,31,31,4.737,5.670
1589,0.000,47,47,47,4.782,5.784
1590,0.000,57,57,57,4.758,5.851
1591,0.000,38,38,38,4.650,5.854
1592,0.000,30,30,30,4.671,5.792
1593,0.000,33,33,33,4.880,5.779
1594,0.000,28,28,28,4.964,5.819
1595,0.000,50,50,50,5.000,5.729
1596,0.000,39,39,39,4.936,5.590
1597,0.000,31,31,31,4.831,5.543
1598,0.000,23,23,23,4.694,5.550
1599,0.000,36,36,36,4.709,5.451
1600,0.000,27,27,27,4.567,5.447
1601,0.000,53,53,53,4.495,5.347
1602,0.000,46,46,46,4.593,5.344
1603,0.000,52,52,52,4.498,5.240
1604,0.000,40,40,40,4.557,5.216
1605,0.000,40,40,40,4.668,5.238
1606,0.000,54,54,54,4.866,5.153
1607,0.000,32,32,32,4.475,5.145
1608,0.000,23,23,23,4.420,5.119
1609,0.000,40,40,40,4.928,5.243
1610,0.000,39,39,39,4.963,5.381
1611,0.000,44,44,44,5.014,5.127
1612,0.000,45,45,45,5.037,5.542
1613,0.000,33,33,33,5.108,5.740
1614,0.000,44,44,44,5.177,5.748
1615,0.000,32,32,32,5.066,5.839
1616,0.000,27,27,27,5.028,5.903
1617,0.000,57,57,57,5.382,5.780
1618,0.000,40,40,40,5.315,5.775
1619,0.000,37,37,37,5.262,5.713
1620,0.000,40,40,40,5.222,5.657
1621,0.000,29,29,29,5.111,5.380
1622,0.000,39,39,39,5.157,5.317
1623,0.000,30,30,30,5.197,5.514
1624,0.000,57,57,57,5.491,5.405
1625,0.000,28,28,28,5.426,5.431
1626,0.000,28,28,28,5.356,5.433
1627,0.000,26,26,26,5.269,5.319
1628,0.000,55,55,55,5.204,5.178
1629,0.000,44,44,44,5.234,5.086
1630,0.000,68,68,68,5.366,5.257
1631,0.000,44,44,44,5.410,5.324
1632,0.000,34,34,34,5.352,5.581
1633,0.000,43,43,43,5.405,5.653
1634,0.000,42,42,42,5.553,5.697
1635,0.000,37,37,37,5.627,5.722
1636,0.000,41,41,41,5.537,5.766
1637,0.000,48,48,48,5.590,5.521
1638,0.000,33,33,33,5.741,5.706
1639,0.000,37,37,37,5.741,5.623
1640,0.000,38,38,38,5.799,5.775
1641,0.000,31,31,31,5.632,5.963
1642,0.000,50,50,50,5.889,5.528
1643,0.000,28,28,28,5.900,5.590
1644,0.000,34,34,34,5.875,5.396
1645,0.000,25,25,25,5.882,5.292
1646,0.000,20,20,20,5.762,5.449
1647,0.000,34,34,34,5.685,5.407
1648,0.000,46,46,46,5.562,5.306
1649,0.000,51,51,51,5.505,5.229
1650,0.000,47,47,47,5.414,5.157
1651,0.000,32,32,32,5.681,5.317
1652,0.000,35,35,35,5.745,5.269
1653,0.000,23,23,23,5.704,5.171
1654,0.000,34,34,34,5.646,5.113
1655,0.000,28,28,28,5.574,5.065
1656,0.000,22,22,22,5.866,5.694
1657,0.000,39,39,39,5.986,5.711
1658,0.000,21,21,21,5.991,5.546
1659,0.000,21,21,21,6.164,5.326
1660,0.000,40,40,40,5.310,4.986
1661,0.000,33,33,33,5.215,4.977
1662,0.000,51,51,51,5.361,4.924
1663,0.000,31,31,31,5.296,4.866
1664,0.000,28,28,28,5.231,4.891
1665,0.000,63,63,63,5.169,4.833
1666,0.000,34,34,34,5.199,4.782
1667,0.000,25,25,25,5.157,4.694
1668,0.000,38,38,38,5.058,4.819
1669,0.000,35,35,35,5.083,4.894
1670,0.000,37,37,37,4.808,5.079
1671,0.000,37,37,37,4.694,5.009
1672,0.000,39,39,39,4.634,4.935
1673,0.000,45,45,45,4.576,4.880
1674,0.000,28,28,28,4.588,4.829
1675,0.000,34,34,34,4.664,4.859
1676,0.000,32,32,32,4.741,4.891
1677,0.000,73,73,73,4.801,4.799
1678,0.000,51,51,51,4.773,4.736
1679,0.000,27,27,27,4.678,4.704
1680,0.000,34,34,34,4.850,4.722
1681,0.000,28,28,28,4.931,4.671
1682,0.000,35,35,35,4.516,5.030
1683,0.000,23,23,23,4.639,5.132
1684,0.000,14,14,14,4.755,5.137
1685,0.000,54,54,54,4.407,4.660
1686,0.000,42,42,42,5.644,4.898
1687,0.000,41,41,41,5.729,5.019
1688,0.000,44,44,44,5.787,4.880
1689,0.000,50,50,50,5.745,4.817
1690,0.000,65,65,65,5.738,4.708
1691,0.000,34,34,34,5.521,4.757
1692,0.000,41,41,41,5.421,4.752
1693,0.000,32,32,32,5.500,4.882
1694,0.000,37,37,37,5.852,4.940
1695,0.000,31,31,31,5.910,4.972
1696,0.000,47,47,47,6.035,4.979
1697,0.000,37,37,37,6.051,4.887
1698,0.000,62,62,62,5.961,4.838
1699,0.000,56,56,56,6.042,4.775
1700,0.000,46,46,46,5.845,4.773
1701,0.000,34,34,34,5.954,4.748
1702,0.000,58,58,58,6.220,4.727
1703,0.000,46,46,46,6.134,4.757
1704,0.000,42,42,42,6.368,4.898
1705,0.000,45,45,45,6.220,4.843
1706,0.000,43,43,43,6.188,4.861
1707,0.000,28,28,28,6.282,5.023
1708,0.000,28,28,28,6.250,5.188
1709,0.000,32,32,32,6.225,5.243
1710,0.000,33,33,33,3.576,4.271
1711,0.000,72,72,72,3.580,4.194
1712,0.000,47,47,47,3.611,4.174
1713,0.000,33,33,33,3.545,4.101
1714,0.000,34,34,34,3.417,4.160
1715,0.000,31,31,31,3.316,4.337
1716,0.000,16,16,16,3.007,4.340
1717,0.000,44,44,44,3.094,4.267
1718,0.000,38,38,38,3.337,4.066
1719,0.000,44,44,44,3.174,4.014
1720,0.000,44,44,44,3.087,4.031
1721,0.000,47,47,47,3.222,3.958
1722,0.000,56,56,56,3.281,3.934
1723,0.000,48,48,48,3.233,3.892
1724,0.000,41,41,41,2.981,3.866
1725,0.000,39,39,39,2.972,3.769
1726,0.000,37,37,37,3.042,3.731
1727,0.000,49,49,49,3.086,3.692
1728,0.000,45,45,45,3.130,3.752
1729,0.000,61,61,61,2.972,3.690
1730,0.000,42,42,42,2.984,3.620
1731,0.000,46,46,46,2.942,3.567
1732,0.000,85,85,85,2.859,3.553
1733,0.000,30,30,30,2.944,3.301
1734,0.000,50,50,50,3.019,3.396
1735,0.000,40,40,40,3.088,3.384
1736,0.000,71,71,71,3.160,3.488
1737,0.000,33,33,33,3.208,3.498
1738,0.000,45,45,45,3.204,3.294
1739,0.000,34,34,34,3.236,3.343
1740,0.000,32,32,32,3.255,3.384
1741,0.000,20,20,20,3.294,3.465
1742,0.000,30,30,30,3.292,3.546
1743,0.000,37,37,37,3.264,3.648
1744,0.000,57,57,57,3.319,3.699
1745,0.000,33,33,33,3.271,3.775
1746,0.000,30,30,30,3.192,3.731
1747,0.000,46,46,46,3.410,3.729
1748,0.000,47,47,47,3.412,3.650
1749,0.000,48,48,48,3.410,3.579
1750,0.000,35,35,35,3.435,3.519
1751,0.000,28,28,28,3.484,3.428
1752,0.000,62,62,62,3.512,3.317
1753,0.000,51,51,51,3.634,3.542
1754,0.000,25,25,25,3.542,3.588
1755,0.000,26,26,26,3.449,3.877
1756,0.000,37,37,37,3.442,3.938
1757,0.000,38,38,38,3.398,3.938
1758,0.000,28,28,28,3.398,4.007
1759,0.000,34,34,34,3.620,3.905
1760,0.000,41,41,41,3.627,3.868
1761,0.000,50,50,50,3.766,3.815
1762,0.000,41,41,41,3.875,3.817
1763,0.000,57,57,57,3.914,3.755
1764,0.000,37,37,37,3.986,3.782
1765,0.000,51,51,51,3.722,3.991
1766,0.000,36,36,36,3.799,4.051
1767,0.000,37,37,37,3.715,4.127
1768,0.000,46,46,46,3.810,4.266
1769,0.000,47,47,47,4.056,4.278
1770,0.000,23,23,23,3.910,4.220
1771,0.000,26,26,26,4.023,4.148
1772,0.000,39,39,39,4.113,4.137
1773,0.000,54,54,54,4.155,4.197
1774,0.000,34,34,34,4.218,4.148
1775,0.000,51,51,51,4.188,4.317
1776,0.000,32,32,32,4.144,4.044
1777,0.000,38,38,38,4.234,4.007
1778,0.000,42,42,42,4.289,4.072
1779,0.000,33,33,33,4.310,4.549
1780,0.000,91,91,91,4.444,4.551
1781,0.000,69,69,69,4.558,4.595
1782,0.000,45,45,45,4.618,4.567
1783,0.000,53,53,53,4.470,4.361
1784,0.000,46,46,46,4.539,4.248
1785,0.000,49,49,49,4.625,4.262
1786,0.000,35,35,35,4.560,4.345
1787,0.000,23,23,23,4.567,4.414
1788,0.000,52,52,52,3.822,3.535
1789,0.000,46,46,46,3.907,3.463
1790,0.000,83,83,83,3.245,3.090
1791,0.000,52,52,52,3.199,3.095
1792,0.000,58,58,58,3.315,3.139
1793,0.000,50,50,50,3.361,3.178
1794,0.000,69,69,69,3.468,3.146
1795,0.000,45,45,45,3.435,3.109
1796,0.000,30,30,30,3.470,2.993
1797,0.000,50,50,50,3.590,3.009
1798,0.000,27,27,27,3.590,3.095
1799,0.000,55,55,55,3.558,2.822
1800,0.000,39,39,39,3.417,2.780
1801,0.000,61,61,61,3.794,2.771
1802,0.000,64,64,64,3.806,2.836
1803,0.000,37,37,37,3.769,2.887
1804,0.000,43,43,43,3.898,2.935
1805,0.000,36,36,36,3.843,3.000
1806,0.000,35,35,35,3.907,3.051
1807,0.000,60,60,60,3.847,3.199
1808,0.000,50,50,50,3.806,3.155
1809,0.000,49,49,49,3.762,3.150
1810,0.000,66,66,66,3.775,3.255
1811,0.000,37,37,37,3.708,3.308
1812,0.000,30,30,30,3.646,3.340
1813,0.000,58,58,58,4.037,3.102
1814,0.000,46,46,46,4.053,3.148
1815,0.000,36,36,36,4.116,3.188
1816,0.000,43,43,43,4.139,3.301
1817,0.000,51,51,51,4.037,3.329
1818,0.000,81,81,81,4.081,3.468
1819,0.000,57,57,57,4.100,3.412
1820,0.000,38,38,38,4.231,3.292
1821,0.000,61,61,61,4.083,3.569
1822,0.000,58,58,58,4.028,3.637
1823,0.000,47,47,47,4.058,3.681
1824,0.000,40,40,40,4.183,3.694
1825,0.000,34,34,34,4.250,3.498
1826,0.000,33,33,33,4.315,3.435
1827,0.000,56,56,56,4.359,3.350
1828,0.000,57,57,57,4.377,3.426
1829,0.000,50,50,50,4.421,3.544
1830,0.000,38,38,38,4.495,3.447
1831,0.000,61,61,61,4.532,3.326
1832,0.000,36,36,36,4.650,3.454
1833,0.000,31,31,31,4.641,3.414
1834,0.000,59,59,59,4.562,3.646
1835,0.000,55,55,55,4.444,3.660
1836,0.000,40,40,40,4.384,3.718
1837,0.000,69,69,69,4.347,3.815
1838,0.000,28,28,28,4.273,3.868
1839,0.000,54,54,54,4.324,3.958
1840,0.000,47,47,47,4.391,3.873
1841,0.000,41,41,41,4.500,3.808
1842,0.000,49,49,49,4.470,3.907
1843,0.000,31,31,31,4.546,3.868
1844,0.000,42,42,42,4.593,3.850
1845,0.000,32,32,32,4.694,3.882
1846,0.000,47,47,47,4.708,3.803
1847,0.000,30,30,30,4.692,3.944
1848,0.000,61,61,61,4.894,3.928
1849,0.000,66,66,66,4.942,3.873
1850,0.000,28,28,28,4.894,3.829
1851,0.000,35,35,35,4.935,3.745
1852,0.000,35,35,35,4.852,3.720
1853,0.000,31,31,31,4.752,3.706
1854,0.000,32,32,32,4.667,3.725
1855,0.000,51,51,51,4.674,3.653
1856,0.000,45,45,45,4.720,3.588
1857,0.000,55,55,55,4.778,3.572
1858,0.000,37,37,37,4.803,3.613
1859,0.000,46,46,46,4.843,3.484
1860,0.000,52,52,52,4.840,3.361
1861,0.000,27,27,27,4.748,3.347
1862,0.000,39,39,39,4.785,3.303
1863,0.000,25,25,25,4.764,3.243
1864,0.000,59,59,59,4.819,3.169
1865,0.000,34,34,34,4.736,3.144
1866,0.000,31,31,31,4.688,3.178
1867,0.000,35,35,35,4.525,3.095
1868,0.000,29,29,29,4.424,3.104
1869,0.000,40,40,40,4.470,3.201
1870,0.000,62,62,62,4.391,3.227
1871,0.000,35,35,35,4.280,3.111
1872,0.000,49,49,49,4.137,2.919
1873,0.000,41,41,41,4.199,2.877
1874,0.000,36,36,36,4.125,2.859
1875,0.000,43,43,43,4.220,2.826
1876,0.000,44,44,44,4.296,2.845
1877,0.000,57,57,57,4.421,2.887
1878,0.000,74,74,74,4.468,2.854
1879,0.000,62,62,62,4.532,2.856
1880,0.000,58,58,58,4.611,2.806
1881,0.000,33,33,33,4.727,2.826
1882,0.000,48,48,48,4.866,2.785
1883,0.000,33,33,33,4.565,4.164
1884,0.000,49,49,49,4.683,4.137
1885,0.000,31,31,31,4.863,4.148
1886,0.000,54,54,54,4.667,4.382
1887,0.000,37,37,37,4.704,4.477
1888,0.000,37,37,37,4.287,4.708
1889,0.000,31,31,31,4.370,4.627
1890,0.000,39,39,39,4.454,4.623
1891,0.000,21,21,21,4.701,4.620
1892,0.000,29,29,29,4.843,4.549
1893,0.000,37,37,37,4.947,4.565
1894,0.000,27,27,27,4.931,4.472
1895,0.000,50,50,50,4.877,4.354
1896,0.000,41,41,41,4.956,4.296
1897,0.000,28,28,28,4.597,5.069
1898,0.000,27,27,27,4.389,5.069
1899,0.000,29,29,29,3.802,2.646
1900,0.000,29,29,29,3.892,2.736
1901,0.000,55,55,55,3.958,2.698
1902,0.000,28,28,28,3.892,2.542
1903,0.000,30,30,30,4.052,2.601
1904,0.000,68,68,68,4.191,2.531
1905,0.000,45,45,45,4.226,2.569
1906,0.000,58,58,58,4.191,2.469
1907,0.000,38,38,38,4.274,2.340
1908,0.000,44,44,44,4.184,2.694
1909,0.000,50,50,50,3.583,2.733
1910,0.000,37,37,37,3.510,2.757
1911,0.000,47,47,47,4.424,2.681
1912,0.000,31,31,31,4.309,2.681
1913,0.000,55,55,55,4.524,2.538
1914,0.000,38,38,38,4.451,2.490
1915,0.000,33,33,33,4.597,2.580
1916,0.000,31,31,31,4.486,2.580
1917,0.000,40,40,40,4.774,2.694
1918,0.000,39,39,39,4.920,2.677
1919,0.000,29,29,29,5.003,2.618
1920,0.000,42,42,42,5.056,2.736
1921,0.000,29,29,29,5.069,2.844
1922,0.000,47,47,47,5.156,2.771
1923,0.000,24,24,24,5.250,2.823
1924,0.000,33,33,33,5.326,2.812
1925,0.000,33,33,33,5.340,2.743
1926,0.000,58,58,58,5.344,2.656
1927,0.000,91,91,91,5.427,2.701
1928,0.000,45,45,45,5.479,2.705
1929,0.000,33,33,33,5.424,2.632
1930,0.000,60,60,60,5.344,2.472
1931,0.000,29,29,29,5.299,2.510
1932,0.000,33,33,33,5.167,2.628
1933,0.000,28,28,28,5.160,2.590
1934,0.000,30,30,30,4.750,2.549
1935,0.000,31,31,31,4.778,2.458
1936,0.000,24,24,24,4.917,3.021
1937,0.000,49,49,49,5.785,2.684
1938,0.000,42,42,42,5.740,2.538
1939,0.000,58,58,58,5.552,2.514
1940,0.000,28,28,28,5.958,2.476
1941,0.000,52,52,52,5.264,3.014
1942,0.000,28,28,28,5.097,3.104
1943,0.000,28,28,28,5.153,3.198
1944,0.000,42,42,42,5.184,3.260
1945,0.000,42,42,42,5.122,3.326
1946,0.000,62,62,62,4.986,3.479
1947,0.000,77,77,77,5.010,3.611
1948,0.000,63,63,63,5.333,3.663
1949,0.000,54,54,54,5.455,3.552
1950,0.000,28,28,28,5.458,3.764
1951,0.000,72,72,72,5.351,3.830
1952,0.000,41,41,41,5.406,3.899
1953,0.000,42,42,42,5.288,3.889
1954,0.000,33,33,33,5.299,3.979
1955,0.000,67,67,67,5.365,3.115
1956,0.000,25,25,25,5.274,3.146
1957,0.000,51,51,51,5.458,2.979
1958,0.000,38,38,38,5.507,3.052
1959,0.000,33,33,33,5.552,2.997
1960,0.000,36,36,36,5.712,2.972
1961,0.000,35,35,35,5.799,3.017
1962,0.000,35,35,35,5.854,3.090
1963,0.000,45,45,45,5.861,2.899
1964,0.000,55,55,55,5.910,3.010
1965,0.000,44,44,44,6.115,2.799
1966,0.000,38,38,38,6.028,2.965
1967,0.000,42,42,42,6.049,3.017
1968,0.000,50,50,50,5.519,3.382
1969,0.000,38,38,38,5.556,3.488
1970,0.000,46,46,46,5.653,3.333
1971,0.000,60,60,60,5.840,3.164
1972,0.000,57,57,57,5.782,3.273
1973,0.000,61,61,61,5.803,3.356
1974,0.000,34,34,34,5.743,3.428
1975,0.000,43,43,43,5.875,3.403
1976,0.000,34,34,34,5.910,3.472
1977,0.000,27,27,27,6.097,3.442
1978,0.000,36,36,36,6.102,3.308
1979,0.000,27,27,27,5.977,3.215
1980,0.000,24,24,24,5.921,3.250
1981,0.000,28,28,28,5.995,3.086
1982,0.000,30,30,30,5.708,3.576
1983,0.000,39,39,39,5.826,3.565
1984,0.000,32,32,32,5.824,3.741
1985,0.000,57,57,57,5.697,3.861
1986,0.000,31,31,31,5.625,3.845
1987,0.000,52,52,52,5.780,3.917
1988,0.000,40,40,40,5.810,3.838
1989,0.000,37,37,37,5.856,3.956
1990,0.000,37,37,37,5.958,3.824
1991,0.000,21,21,21,5.576,4.123
1992,0.000,29,29,29,5.565,4.012
1993,0.000,34,34,34,5.688,4.058
1994,0.000,24,24,24,5.535,4.333
1995,0.000,33,33,33,5.595,4.303
1996,0.000,59,59,59,5.833,4.417
1997,0.000,41,41,41,5.796,4.366
1998,0.000,35,35,35,5.579,4.502
1999,0.000,31,31,31,5.641,4.572
2000,0.000,50,50,50,5.718,4.553
2001,0.000,29,29,29,5.648,4.699
2002,0.000,62,62,62,5.868,4.241
2003,0.000,56,56,56,5.829,4.155
2004,0.000,40,40,40,6.021,4.442
2005,0.000,62,62,62,6.079,4.567
2006,0.000,42,42,42,6.201,4.528
2007,0.000,27,27,27,6.081,4.347
2008,0.000,26,26,26,6.155,4.273
2009,0.000,45,45,45,6.130,4.137
2010,0.000,46,46,46,6.058,4.081
2011,0.000,43,43,43,6.127,4.049
2012,0.000,30,30,30,6.113,3.981
2013,0.000,37,37,37,6.088,3.891
2014,0.000,39,39,39,6.153,3.778
2015,0.000,47,47,47,6.090,3.641
2016,0.000,30,30,30,6.167,3.639
2017,0.000,24,24,24,6.153,3.537
2018,0.000,26,26,26,6.002,3.530
2019,0.000,31,31,31,6.007,3.701
2020,0.000,40,40,40,5.914,3.653
2021,0.000,31,31,31,6.238,3.609
2022,0.000,17,17,17,6.299,3.491
2023,0.000,22,22,22,6.391,3.600
2024,0.000,28,28,28,6.410,3.745
2025,0.000,48,48,48,6.400,3.847
2026,0.000,54,54,54,6.278,3.852
2027,0.000,44,44,44,6.204,3.933
2028,0.000,42,42,42,6.306,3.951
2029,0.000,48,48,48,6.481,3.968
2030,0.000,53,53,53,6.461,4.190
2031,0.000,62,62,62,6.285,4.303
2032,0.000,48,48,48,6.331,4.352
2033,0.000,32,32,32,6.303,4.178
2034,0.000,28,28,28,6.380,4.162
2035,0.000,23,23,23,6.468,4.509
2036,0.000,23,23,23,6.394,4.657
2037,0.000,40,40,40,6.542,4.546
2038,0.000,42,42,42,6.634,4.572
2039,0.000,35,35,35,6.623,4.715
2040,0.000,26,26,26,6.741,4.660
2041,0.000,38,38,38,6.706,4.817
2042,0.000,38,38,38,6.764,4.898
2043,0.000,25,25,25,6.701,4.944
2044,0.000,53,53,53,6.597,4.940
2045,0.000,30,30,30,6.525,4.884
2046,0.000,31,31,31,6.454,5.049
2047,0.000,22,22,22,6.370,5.056
2048,0.000,18,18,18,6.549,5.088
2049,0.000,38,38,38,6.671,5.104
2050,0.000,48,48,48,6.789,5.204
2051,0.000,27,27,27,6.789,5.104
2052,0.000,44,44,44,6.896,5.231
2053,0.000,59,59,59,6.861,4.896
2054,0.000,45,45,45,6.896,4.576
2055,0.000,20,20,20,6.808,4.456
2056,0.000,34,34,34,7.028,4.368
2057,0.000,38,38,38,7.095,4.583
2058,0.000,37,37,37,6.984,4.255
2059,0.000,37,37,37,6.833,4.259
2060,0.000,49,49,49,6.708,4.132
2061,0.000,37,37,37,6.602,4.285
2062,0.000,42,42,42,6.620,4.076
2063,0.000,28,28,28,6.704,3.991
2064,0.000,21,21,21,6.697,3.873
2065,0.000,61,61,61,6.785,3.729
2066,0.000,42,42,42,6.854,3.829
2067,0.000,63,63,63,6.569,3.708
2068,0.000,37,37,37,6.565,3.574
2069,0.000,54,54,54,6.755,3.391
2070,0.000,48,48,48,6.692,3.428
2071,0.000,24,24,24,6.597,3.431
2072,0.000,30,30,30,6.683,3.343
2073,0.000,62,62,62,6.565,3.150
2074,0.000,51,51,51,6.350,3.188
2075,0.000,44,44,44,6.169,3.157
2076,0.000,24,24,24,6.208,2.938
2077,0.000,28,28,28,6.363,3.053
2078,0.000,40,40,40,6.264,3.083
2079,0.000,27,27,27,6.275,3.009
2080,0.000,31,31,31,6.433,3.056
2081,0.000,33,33,33,6.491,2.972
2082,0.000,54,54,54,6.377,2.977
2083,0.000,51,51,51,6.343,2.928
2084,0.000,42,42,42,6.299,2.935
2085,0.000,61,61,61,6.590,3.002
2086,0.000,47,47,47,6.676,2.954
2087,0.000,31,31,31,6.708,3.074
2088,0.000,43,43,43,6.755,3.102
2089,0.000,47,47,47,6.775,3.139
2090,0.000,64,64,64,6.822,3.183
2091,0.000,52,52,52,6.859,2.958
2092,0.000,44,44,44,6.928,2.926
2093,0.000,56,56,56,7.028,3.324
2094,0.000,53,53,53,6.914,3.398
2095,0.000,54,54,54,6.905,3.292
2096,0.000,35,35,35,6.965,3.243
2097,0.000,38,38,38,6.898,3.201
2098,0.000,29,29,29,6.912,3.134
2099,0.000,32,32,32,6.995,3.139
2100,0.000,59,59,59,7.062,2.928
2101,0.000,46,46,46,7.153,2.965
2102,0.000,43,43,43,7.222,2.958
2103,0.000,32,32,32,7.178,3.199
2104,0.000,57,57,57,7.287,3.287
2105,0.000,55,55,55,7.310,3.197
2106,0.000,36,36,36,7.238,3.150
2107,0.000,26,26,26,7.461,3.269
2108,0.000,39,39,39,7.426,3.354
2109,0.000,47,47,47,7.461,3.410
2110,0.000,30,30,30,7.292,3.463
2111,0.000,46,46,46,7.188,3.493
2112,0.000,47,47,47,7.076,3.475
2113,0.000,49,49,49,7.100,3.576
2114,0.000,35,35,35,6.912,3.620
2115,0.000,46,46,46,7.005,3.803
2116,0.000,26,26,26,7.118,3.817
2117,0.000,60,60,60,7.389,3.847
2118,0.000,54,54,54,6.961,4.051
2119,0.000,34,34,34,7.032,4.002
2120,0.000,30,30,30,6.984,3.956
2121,0.000,42,42,42,7.137,4.012
2122,0.000,27,27,27,7.257,4.106
2123,0.000,29,29,29,6.330,2.597
2124,0.000,34,34,34,6.333,2.667
2125,0.000,19,19,19,6.274,2.722
2126,0.000,28,28,28,6.396,2.486
2127,0.000,33,33,33,6.410,2.760
2128,0.000,34,34,34,6.476,2.705
2129,0.000,32,32,32,6.715,2.590
2130,0.000,42,42,42,6.694,2.760
2131,0.000,45,45,45,6.562,2.632
2132,0.000,22,22,22,6.569,2.806
2133,0.000,53,53,53,7.382,3.998
2134,0.000,26,26,26,7.280,3.947
2135,0.000,32,32,32,5.810,6.120
2136,0.000,31,31,31,5.852,6.211
2137,0.000,38,38,38,5.938,6.234
2138,0.000,41,41,41,5.977,6.109
2139,0.000,14,14,14,5.931,5.970
2140,0.000,30,30,30,6.051,6.039
2141,0.000,22,22,22,5.755,6.331
2142,0.000,44,44,44,6.116,6.250
2143,0.000,24,24,24,6.067,6.340
2144,0.000,17,17,17,6.007,6.324
2145,0.000,50,50,50,5.727,6.676
2146,0.000,26,26,26,5.775,6.762
2147,0.000,31,31,31,5.678,6.866
2148,0.000,31,31,31,5.961,6.824
2149,0.000,39,39,39,5.951,6.583
2150,0.000,33,33,33,6.065,6.583
2151,0.000,28,28,28,6.160,6.838
2152,0.000,32,32,32,6.127,6.914
2153,0.000,22,22,22,6.062,6.905
2154,0.000,26,26,26,5.954,6.975
2155,0.000,37,37,37,5.882,7.035
2156,0.000,27,27,27,6.079,7.062
2157,0.000,49,49,49,6.188,7.079
2158,0.000,49,49,49,6.169,6.718
2159,0.000,34,34,34,6.243,6.664
2160,0.000,44,44,44,6.356,6.708
2161,0.000,49,49,49,6.382,6.764
2162,0.000,51,51,51,6.449,6.843
2163,0.000,42,42,42,6.322,6.847
2164,0.000,44,44,44,6.363,7.037
2165,0.000,50,50,50,6.544,6.956
2166,0.000,49,49,49,6.611,6.711
2167,0.000,47,47,47,6.639,6.833
2168,0.000,40,40,40,6.694,6.963
2169,0.000,42,42,42,6.611,7.067
2170,0.000,41,41,41,6.146,5.734
2171,0.000,28,28,28,6.243,5.613
2172,0.000,26,26,26,6.280,5.470
2173,0.000,47,47,47,6.319,5.333
2174,0.000,35,35,35,6.407,5.398
2175,0.000,24,24,24,6.120,5.516
2176,0.000,40,40,40,6.354,5.523
2177,0.000,29,29,29,6.442,5.562
2178,0.000,43,43,43,6.528,5.632
2179,0.000,38,38,38,6.407,5.683
2180,0.000,32,32,32,6.319,5.699
2181,0.000,24,24,24,6.410,6.025
2182,0.000,22,22,22,6.412,5.894
2183,0.000,31,31,31,6.537,5.859
2184,0.000,30,30,30,6.609,5.810
2185,0.000,18,18,18,6.713,5.856
2186,0.000,25,25,25,6.780,5.889
2187,0.000,64,64,64,6.690,5.963
2188,0.000,37,37,37,6.625,6.030
2189,0.000,32,32,32,6.551,5.986
2190,0.000,33,33,33,6.600,6.146
2191,0.000,48,48,48,6.493,6.194
2192,0.000,38,38,38,6.414,6.204
2193,0.000,22,22,22,6.157,6.002
2194,0.000,29,29,29,6.160,6.206
2195,0.000,23,23,23,6.250,6.162
2196,0.000,13,13,13,6.322,6.076
2197,0.000,45,45,45,6.525,6.414
2198,0.000,43,43,43,6.678,6.319
2199,0.000,45,45,45,6.271,6.444
2200,0.000,35,35,35,6.736,6.574
2201,0.000,46,46,46,6.782,6.729
2202,0.000,36,36,36,6.833,6.794
2203,0.000,30,30,30,6.815,6.898
2204,0.000,36,36,36,6.762,7.019
2205,0.000,28,28,28,6.854,6.991
2206,0.000,37,37,37,6.812,7.083
2207,0.000,35,35,35,6.926,7.069
2208,0.000,36,36,36,7.037,7.058
2209,0.000,33,33,33,6.940,6.958
2210,0.000,32,32,32,6.972,6.847
2211,0.000,29,29,29,7.035,6.903
2212,0.000,44,44,44,6.898,6.764
2213,0.000,31,31,31,6.884,6.690
2214,0.000,31,31,31,7.014,6.655
2215,0.000,18,18,18,6.882,6.600
2216,0.000,12,12,12,7.007,6.514
2217,0.000,30,30,30,7.208,7.079
2218,0.000,33,33,33,7.308,7.023
2219,0.000,50,50,50,7.486,6.903
2220,0.000,51,51,51,7.590,7.023
2221,0.000,41,41,41,7.678,6.859
2222,0.000,64,64,64,7.463,6.775
2223,0.000,34,34,34,7.356,6.759
2224,0.000,33,33,33,7.243,6.736
2225,0.000,47,47,47,7.067,6.650
2226,0.000,54,54,54,7.111,6.565
2227,0.000,38,38,38,7.266,6.613
2228,0.000,64,64,64,7.380,6.562
2229,0.000,50,50,50,7.810,6.831
2230,0.000,40,40,40,7.491,6.674
2231,0.000,42,42,42,7.477,7.076
2232,0.000,59,59,59,7.850,6.722
2233,0.000,53,53,53,7.539,6.576
2234,0.000,24,24,24,7.690,6.613
2235,0.000,42,42,42,7.764,6.509
2236,0.000,36,36,36,7.806,6.428
2237,0.000,30,30,30,7.711,6.449
2238,0.000,46,46,46,7.410,6.382
2239,0.000,56,56,56,7.201,6.380
2240,0.000,84,84,84,7.039,6.211
2241,0.000,45,45,45,6.979,6.079
2242,0.000,59,59,59,7.065,6.023
2243,0.000,50,50,50,7.213,6.241
2244,0.000,37,37,37,7.456,6.220
2245,0.000,37,37,37,7.609,6.315
2246,0.000,32,32,32,7.583,6.176
2247,0.000,47,47,47,7.792,6.248
2248,0.000,39,39,39,7.630,6.086
2249,0.000,37,37,37,7.403,6.039
2250,0.000,44,44,44,7.264,5.986
2251,0.000,36,36,36,7.037,5.914
2252,0.000,47,47,47,6.970,5.887
2253,0.000,25,25,25,6.903,5.938
2254,0.000,36,36,36,6.979,5.819
2255,0.000,48,48,48,7.012,5.748
2256,0.000,45,45,45,6.954,5.641
2257,0.000,35,35,35,6.896,5.641
2258,0.000,38,38,38,6.720,5.604
2259,0.000,39,39,39,6.646,5.521
2260,0.000,44,44,44,6.882,5.523
2261,0.000,40,40,40,6.692,5.387
2262,0.000,37,37,37,6.449,5.252
2263,0.000,50,50,50,6.685,5.275
2264,0.000,34,34,34,6.752,5.333
2265,0.000,31,31,31,6.933,5.074
2266,0.000,52,52,52,7.227,4.979
2267,0.000,26,26,26,7.081,4.919
2268,0.000,33,33,33,7.120,4.965
2269,0.000,32,32,32,7.090,5.030
2270,0.000,38,38,38,7.141,5.093
2271,0.000,47,47,47,7.088,5.093
2272,0.000,29,29,29,7.044,5.201
2273,0.000,37,37,37,7.012,5.275
2274,0.000,72,72,72,7.194,5.250
2275,0.000,37,37,37,7.171,5.326
2276,0.000,48,48,48,7.391,5.315
2277,0.000,45,45,45,7.120,5.394
2278,0.000,42,42,42,7.007,5.356
2279,0.000,31,31,31,6.898,5.370
2280,0.000,43,43,43,7.039,5.512
2281,0.000,42,42,42,7.019,5.567
2282,0.000,44,44,44,7.141,5.516
2283,0.000,36,36,36,7.130,5.725
2284,0.000,36,36,36,7.257,5.498
2285,0.000,45,45,45,7.410,5.458
2286,0.000,40,40,40,7.287,5.273
2287,0.000,37,37,37,7.377,5.171
2288,0.000,31,31,31,7.394,5.032
2289,0.000,54,54,54,7.472,5.120
2290,0.000,27,27,27,7.495,5.252
2291,0.000,34,34,34,7.606,5.294
2292,0.000,28,28,28,7.799,5.410
2293,0.000,22,22,22,7.750,5.549
2294,0.000,26,26,26,7.572,5.479
2295,0.000,26,26,26,7.579,5.646
2296,0.000,39,39,39,7.604,5.727
2297,0.000,52,52,52,7.708,5.681
2298,0.000,45,45,45,7.708,5.900
2299,0.000,38,38,38,7.273,5.815
2300,0.000,50,50,50,6.938,2.847
2301,0.000,32,32,32,6.852,2.889
2302,0.000,32,32,32,6.208,3.019
2303,0.000,23,23,23,6.483,3.339
2304,0.000,43,43,43,6.877,2.807
2305,0.000,71,71,71,6.908,2.740
2306,0.000,55,55,55,7.007,2.842
2307,0.000,46,46,46,7.181,2.738
2308,0.000,45,45,45,7.035,2.660
2309,0.000,55,55,55,6.951,2.587
2310,0.000,56,56,56,6.948,2.502
2311,0.000,26,26,26,6.818,2.464
2312,0.000,22,22,22,6.812,2.639
2313,0.000,39,39,39,7.165,2.623
2314,0.000,27,27,27,7.080,2.552
2315,0.000,48,48,48,7.257,2.769
2316,0.000,48,48,48,7.363,2.707
2317,0.000,29,29,29,7.425,2.806
2318,0.000,44,44,44,7.339,2.868
2319,0.000,52,52,52,7.434,2.913
2320,0.000,48,48,48,7.505,2.889
2321,0.000,45,45,45,7.436,2.997
2322,0.000,21,21,21,7.316,3.076
2323,0.000,23,23,23,7.167,3.076
2324,0.000,20,20,20,7.493,3.082
2325,0.000,28,28,28,7.533,2.965
2326,0.000,24,24,24,7.618,3.118
2327,0.000,55,55,55,7.604,3.036
2328,0.000,63,63,63,7.649,2.918
2329,0.000,22,22,22,7.734,2.906
2330,0.000,46,46,46,7.877,2.880
2331,0.000,36,36,36,7.682,2.767
2332,0.000,37,37,37,7.604,2.774
2333,0.000,48,48,48,7.547,2.701
2334,0.000,31,31,31,7.568,2.599
2335,0.000,29,29,29,7.674,2.613
2336,0.000,38,38,38,7.714,2.519
2337,0.000,45,45,45,7.677,2.481
2338,0.000,37,37,37,7.720,2.425
2339,0.000,39,39,39,7.484,2.483
2340,0.000,45,45,45,7.451,2.545
2341,0.000,50,50,50,7.391,2.479
2342,0.000,43,43,43,7.290,2.498
2343,0.000,49,49,49,7.247,2.448
2344,0.000,42,42,42,7.280,2.389
2345,0.000,45,45,45,7.224,2.340
2346,0.000,38,38,38,7.021,2.413
2347,0.000,24,24,24,6.913,2.378
2348,0.000,30,30,30,6.917,2.297
2349,0.000,40,40,40,6.911,2.214
2350,0.000,34,34,34,7.002,2.219
2351,0.000,73,73,73,6.962,2.148
2352,0.000,46,46,46,6.915,2.101
2353,0.000,50,50,50,7.047,1.993
2354,0.000,35,35,35,7.083,2.118
2355,0.000,31,31,31,7.160,2.148
2356,0.000,50,50,50,7.240,2.130
2357,0.000,45,45,45,7.349,2.127
2358,0.000,52,52,52,7.370,2.248
2359,0.000,36,36,36,7.497,2.340
2360,0.000,26,26,26,7.128,2.019
2361,0.000,49,49,49,6.887,1.932
2362,0.000,36,36,36,7.137,1.931
2363,0.000,23,23,23,7.212,1.967
2364,0.000,50,50,50,7.394,1.931
2365,0.000,39,39,39,7.326,1.913
2366,0.000,28,28,28,7.431,1.997
2367,0.000,42,42,42,7.505,2.054
2368,0.000,42,42,42,7.564,1.970
2369,0.000,40,40,40,7.674,1.998
2370,0.000,40,40,40,7.627,2.135
2371,0.000,44,44,44,7.693,2.188
2372,0.000,33,33,33,7.715,2.163
2373,0.000,36,36,36,7.799,2.212
2374,0.000,34,34,34,7.684,2.292
2375,0.000,24,24,24,7.903,1.993
2376,0.000,37,37,37,7.885,2.686
2377,0.000,37,37,37,7.873,2.635
2378,0.000,49,49,49,8.068,2.786
2379,0.000,50,50,50,8.049,2.842
2380,0.000,42,42,42,8.035,2.910
2381,0.000,36,36,36,8.024,2.981
2382,0.000,32,32,32,7.479,3.500
2383,0.000,41,41,41,7.287,3.586
2384,0.000,26,26,26,7.359,3.641
2385,0.000,25,25,25,7.060,3.685
2386,0.000,41,41,41,7.426,3.701
2387,0.000,36,36,36,7.574,3.676
2388,0.000,38,38,38,7.623,3.639
2389,0.000,47,47,47,7.616,3.560
2390,0.000,52,52,52,7.572,3.472
2391,0.000,47,47,47,7.632,3.472
2392,0.000,24,24,24,7.611,3.377
2393,0.000,36,36,36,7.789,3.259
2394,0.000,27,27,27,7.796,3.354
2395,0.000,22,22,22,7.701,3.347
2396,0.000,31,31,31,7.727,3.535
2397,0.000,60,60,60,7.736,3.711
2398,0.000,44,44,44,7.611,3.838
2399,0.000,38,38,38,7.692,3.843
2400,0.000,38,38,38,7.914,3.560
2401,0.000,41,41,41,7.933,3.648
2402,0.000,22,22,22,8.053,3.579
2403,0.000,40,40,40,8.009,3.731
2404,0.000,37,37,37,8.132,3.757
2405,0.000,40,40,40,8.000,3.873
2406,0.000,34,34,34,7.905,3.831
2407,0.000,55,55,55,8.132,3.949
2408,0.000,30,30,30,7.859,3.894
2409,0.000,28,28,28,7.863,4.025
2410,0.000,32,32,32,7.956,4.079
2411,0.000,31,31,31,7.824,4.088
2412,0.000,25,25,25,7.736,4.081
2413,0.000,26,26,26,7.727,3.965
2414,0.000,32,32,32,7.780,4.199
2415,0.000,22,22,22,7.861,4.222
2416,0.000,63,63,63,8.248,3.294
2417,0.000,44,44,44,8.160,3.380
2418,0.000,28,28,28,8.083,3.417
2419,0.000,39,39,39,8.174,3.292
2420,0.000,29,29,29,8.095,3.269
2421,0.000,17,17,17,8.000,3.243
2422,0.000,23,23,23,8.032,3.185
2423,0.000,27,27,27,7.838,3.211
2424,0.000,54,54,54,7.713,3.132
2425,0.000,53,53,53,8.285,2.977
2426,0.000,52,52,52,8.275,3.197
2427,0.000,33,33,33,8.278,3.127
2428,0.000,21,21,21,8.178,3.120
2429,0.000,45,45,45,8.403,3.199
2430,0.000,36,36,36,8.449,3.090
2431,0.000,51,51,51,8.507,3.039
2432,0.000,40,40,40,8.431,3.032
2433,0.000,32,32,32,8.558,3.106
2434,0.000,32,32,32,8.556,3.215
2435,0.000,24,24,24,8.329,3.356
2436,0.000,24,24,24,8.359,3.435
2437,0.000,42,42,42,8.368,3.528
2438,0.000,22,22,22,8.380,3.574
2439,0.000,23,23,23,8.315,3.560
2440,0.000,15,15,15,8.127,3.507
2441,0.000,44,44,44,8.438,3.488
2442,0.000,26,26,26,8.315,3.662
2443,0.000,36,36,36,8.333,3.810
2444,0.000,30,30,30,8.250,3.884
2445,0.000,40,40,40,8.505,3.905
2446,0.000,53,53,53,8.609,3.891
2447,0.000,33,33,33,8.637,4.049
2448,0.000,46,46,46,8.532,4.051
2449,0.000,28,28,28,8.498,4.185
2450,0.000,39,39,39,8.738,4.090
2451,0.000,39,39,39,8.486,4.285
2452,0.000,25,25,25,8.769,4.234
2453,0.000,25,25,25,8.949,4.264
2454,0.000,34,34,34,9.019,4.144
2455,0.000,38,38,38,8.931,4.062
2456,0.000,42,42,42,8.949,3.935
2457,0.000,27,27,27,9.086,4.009
2458,0.000,48,48,48,9.134,4.113
2459,0.000,46,46,46,9.194,4.109
2460,0.000,42,42,42,9.194,4.153
2461,0.000,43,43,43,9.201,4.294
2462,0.000,61,61,61,8.440,2.317
2463,0.000,28,28,28,8.130,2.648
2464,0.000,43,43,43,8.382,2.859
2465,0.000,24,24,24,8.488,2.863
2466,0.000,24,24,24,8.637,2.863
2467,0.000,34,34,34,8.514,2.706
2468,0.000,44,44,44,8.627,2.625
2469,0.000,30,30,30,8.801,2.609
2470,0.000,25,25,25,8.708,2.701
2471,0.000,36,36,36,8.887,2.752
2472,0.000,39,39,39,8.655,3.072
2473,0.000,26,26,26,8.738,2.944
2474,0.000,28,28,28,8.866,3.049
2475,0.000,46,46,46,8.801,3.125
2476,0.000,37,37,37,8.944,3.188
2477,0.000,31,31,31,9.069,3.215
2478,0.000,43,43,43,9.116,3.275
2479,0.000,50,50,50,9.215,3.248
2480,0.000,37,37,37,9.234,3.127
2481,0.000,38,38,38,9.243,2.991
2482,0.000,52,52,52,9.144,2.817
2483,0.000,52,52,52,9.289,2.641
2484,0.000,37,37,37,8.655,3.218
2485,0.000,41,41,41,8.738,3.262
2486,0.000,63,63,63,8.833,3.387
2487,0.000,51,51,51,8.880,3.359
2488,0.000,40,40,40,8.613,3.472
2489,0.000,31,31,31,8.741,3.530
2490,0.000,64,64,64,8.671,3.704
2491,0.000,31,31,31,9.167,3.819
2492,0.000,39,39,39,9.282,3.792
2493,0.000,43,43,43,9.289,3.736
2494,0.000,44,44,44,9.294,3.671
2495,0.000,28,28,28,9.264,3.620
2496,0.000,42,42,42,9.310,3.597
2497,0.000,31,31,31,9.250,3.863
2498,0.000,32,32,32,9.289,3.931
2499,0.000,20,20,20,9.252,4.002
2500,0.000,39,39,39,9.262,3.463
2501,0.000,36,36,36,9.100,3.468
2502,0.000,33,33,33,9.062,3.546
2503,0.000,31,31,31,9.032,3.421
2504,0.000,41,41,41,8.940,3.500
2505,0.000,52,52,52,8.870,3.456
2506,0.000,33,33,33,8.938,3.734
2507,0.000,23,23,23,8.808,3.639
2508,0.000,21,21,21,8.956,3.618
2509,0.000,27,27,27,8.884,4.116
2510,0.000,48,48,48,7.072,1.681
2511,0.000,51,51,51,6.968,1.678
2512,0.000,41,41,41,6.884,1.799
2513,0.000,22,22,22,6.979,1.792
2514,0.000,18,18,18,6.977,1.873
2515,0.000,25,25,25,7.095,1.794
2516,0.000,24,24,24,7.069,1.889
2517,0.000,37,37,37,7.245,1.720
2518,0.000,43,43,43,7.252,1.602
2519,0.000,38,38,38,7.132,1.572
2520,0.000,39,39,39,7.343,1.537
2521,0.000,45,45,45,7.343,1.451
2522,0.000,28,28,28,7.176,1.410
2523,0.000,43,43,43,7.067,1.396
2524,0.000,17,17,17,6.951,1.229
2525,0.000,27,27,27,7.005,1.229
2526,0.000,31,31,31,7.090,1.292
2527,0.000,30,30,30,7.169,1.282
2528,0.000,35,35,35,7.278,1.234
2529,0.000,37,37,37,7.350,1.280
2530,0.000,31,31,31,7.329,1.150
2531,0.000,47,47,47,7.264,1.074
2532,0.000,33,33,33,7.109,1.095
2533,0.000,45,45,45,7.484,1.722
2534,0.000,58,58,58,7.472,1.606
2535,0.000,57,57,57,7.488,1.458
2536,0.000,60,60,60,7.567,1.377
2537,0.000,58,58,58,7.593,1.470
2538,0.000,36,36,36,7.606,1.697
2539,0.000,48,48,48,7.748,1.715
2540,0.000,40,40,40,7.852,1.873
2541,0.000,26,26,26,7.711,1.806
2542,0.000,41,41,41,6.912,0.375
2543,0.000,47,47,47,6.949,0.544
2544,0.000,29,29,29,6.949,0.755
2545,0.000,47,47,47,6.965,0.852
2546,0.000,59,59,59,7.125,0.701
2547,0.000,29,29,29,7.127,0.542
2548,0.000,44,44,44,7.157,0.428
2549,0.000,42,42,42,7.079,0.370
2550,0.000,55,55,55,7.035,0.199
2551,0.000,39,39,39,7.125,0.229
2552,0.000,33,33,33,7.051,0.120
2553,0.000,48,48,48,7.333,0.384
2554,0.000,42,42,42,7.463,0.509
2555,0.000,49,49,49,7.613,0.424
2556,0.000,28,28,28,7.514,0.419
2557,0.000,47,47,47,7.287,0.544
2558,0.000,53,53,53,7.255,0.620
2559,0.000,33,33,33,7.356,0.664
2560,0.000,31,31,31,7.412,0.736
2561,0.000,39,39,39,7.493,0.704
2562,0.000,40,40,40,7.278,0.861
2563,0.000,55,55,55,7.421,0.859
2564,0.000,53,53,53,7.486,0.866
2565,0.000,51,51,51,7.405,1.113
2566,0.000,33,33,33,7.481,1.049
2567,0.000,38,38,38,7.618,1.021
2568,0.000,45,45,45,7.815,1.023
2569,0.000,38,38,38,7.609,0.822
2570,0.000,47,47,47,7.729,0.815
2571,0.000,50,50,50,7.856,0.863
2572,0.000,34,34,34,7.836,0.664
2573,0.000,39,39,39,7.694,0.613
2574,0.000,53,53,53,7.838,0.435
2575,0.000,53,53,53,7.921,0.150
2576,0.000,47,47,47,7.586,0.222
2577,0.000,38,38,38,7.521,0.220
2578,0.000,34,34,34,7.350,0.148
2579,0.000,32,32,32,7.287,0.275
2580,0.000,39,39,39,8.113,0.257
2581,0.000,41,41,41,8.130,0.338
2582,0.000,42,42,42,8.241,0.350
2583,0.000,47,47,47,8.294,0.433
2584,0.000,38,38,38,8.185,0.558
2585,0.000,45,45,45,8.044,0.625
2586,0.000,42,42,42,8.164,0.773
2587,0.000,33,33,33,8.023,0.361
2588,0.000,24,24,24,7.938,0.516
2589,0.000,26,26,26,7.912,0.576
2590,0.000,22,22,22,8.014,1.035
2591,0.000,48,48,48,7.836,1.289
2592,0.000,32,32,32,7.681,1.350
2593,0.000,35,35,35,7.764,1.449
2594,0.000,26,26,26,7.854,1.509
2595,0.000,37,37,37,7.697,1.222
2596,0.000,48,48,48,7.537,1.264
2597,0.000,53,53,53,8.192,1.014
2598,0.000,50,50,50,8.502,0.711
2599,0.000,57,57,57,8.419,0.653
2600,0.000,51,51,51,8.903,0.576
2601,0.000,36,36,36,8.465,1.025
2602,0.000,44,44,44,8.329,1.199
2603,0.000,29,29,29,8.419,1.194
2604,0.000,61,61,61,8.620,1.083
2605,0.000,50,50,50,8.613,1.150
2606,0.000,41,41,41,8.766,1.264
2607,0.000,33,33,33,8.688,1.250
2608,0.000,29,29,29,8.569,1.301
2609,0.000,32,32,32,8.535,1.407
2610,0.000,32,32,32,8.391,1.407
2611,0.000,36,36,36,8.225,1.306
2612,0.000,31,31,31,8.167,1.398
2613,0.000,25,25,25,8.236,1.500
2614,0.000,54,54,54,8.924,0.961
2615,0.000,34,34,34,8.868,1.127
2616,0.000,40,40,40,8.938,1.250
2617,0.000,44,44,44,8.947,1.299
2618,0.000,36,36,36,8.845,1.407
2619,0.000,26,26,26,8.884,1.477
2620,0.000,23,23,23,8.764,1.655
2621,0.000,43,43,43,8.630,1.648
2622,0.000,33,33,33,9.153,1.574
2623,0.000,38,38,38,9.076,1.500
2624,0.000,29,29,29,8.991,1.391
2625,0.000,43,43,43,9.252,1.287
2626,0.000,55,55,55,9.095,1.093
2627,0.000,19,19,19,9.206,0.958
2628,0.000,30,30,30,9.398,1.417
2629,0.000,42,42,42,9.435,1.488
2630,0.000,25,25,25,9.338,1.549
2631,0.000,34,34,34,9.176,1.718
2632,0.000,30,30,30,8.559,0.306
2633,0.000,25,25,25,8.523,0.253
2634,0.000,33,33,33,8.606,0.205
2635,0.000,40,40,40,8.628,0.118
2636,0.000,28,28,28,8.512,0.059
2637,0.000,30,30,30,8.760,0.078
2638,0.000,37,37,37,8.792,0.128
2639,0.000,44,44,44,8.832,0.076
2640,0.000,57,57,57,8.814,0.012
2641,0.000,50,50,50,8.965,0.172
2642,0.000,62,62,62,9.024,0.297
2643,0.000,59,59,59,9.137,0.240
2644,0.000,38,38,38,9.115,0.076
2645,0.000,48,48,48,9.269,0.031
2646,0.000,32,32,32,9.297,0.144
2647,0.000,45,45,45,8.325,0.861
2648,0.000,32,32,32,8.068,0.950
2649,0.000,45,45,45,7.911,0.939
2650,0.000,47,47,47,7.743,0.083
2651,0.000,42,42,42,8.469,0.870
2652,0.000,21,21,21,8.828,0.849
2653,0.000,34,34,34,9.010,0.800
2654,0.000,28,28,28,9.278,0.486
2655,0.000,47,47,47,9.427,0.477
2656,0.000,27,27,27,9.392,0.589
2657,0.000,20,20,20,9.217,0.781
2658,0.000,15,15,15,9.288,0.882
2659,0.000,23,23,23,9.394,0.821
2660,0.000,27,27,27,9.413,0.998
2661,0.000,30,30,30,9.422,1.092
2662,0.000,29,29,29,9.295,1.194
2663,0.000,37,37,37,9.312,2.410
2664,0.000,35,35,35,9.097,2.646
2665,0.000,37,37,37,7.424,4.604
2666,0.000,21,21,21,7.488,4.650
2667,0.000,24,24,24,7.549,4.595
2668,0.000,18,18,18,7.410,4.748
2669,0.000,27,27,27,7.803,4.433
2670,0.000,44,44,44,7.595,4.817
2671,0.000,41,41,41,7.678,4.840
2672,0.000,21,21,21,7.451,4.868
2673,0.000,17,17,17,7.322,4.863
2674,0.000,32,32,32,7.861,4.900
2675,0.000,33,33,33,7.755,4.975
2676,0.000,23,23,23,7.766,4.875
2677,0.000,23,23,23,7.880,4.831
2678,0.000,33,33,33,7.951,4.780
2679,0.000,46,46,46,7.917,4.692
2680,0.000,59,59,59,8.002,4.880
2681,0.000,38,38,38,8.104,4.775
2682,0.000,21,21,21,7.977,4.498
2683,0.000,21,21,21,8.100,4.498
2684,0.000,23,23,23,8.150,4.616
2685,0.000,32,32,32,8.225,4.502
2686,0.000,33,33,33,8.329,4.407
2687,0.000,39,39,39,8.451,4.495
2688,0.000,30,30,30,8.600,4.523
2689,0.000,43,43,43,8.618,4.569
2690,0.000,41,41,41,8.706,4.535
2691,0.000,38,38,38,8.826,4.377
2692,0.000,50,50,50,8.889,4.444
2693,0.000,40,40,40,8.926,4.572
2694,0.000,45,45,45,8.345,4.722
2695,0.000,82,82,82,8.287,4.775
2696,0.000,53,53,53,8.312,4.863
2697,0.000,46,46,46,8.370,4.938
2698,0.000,42,42,42,8.556,4.919
2699,0.000,32,32,32,8.569,4.843
2700,0.000,28,28,28,8.412,4.803
2701,0.000,41,41,41,8.243,4.926
2702,0.000,36,36,36,8.294,5.046
2703,0.000,30,30,30,8.148,5.174
2704,0.000,28,28,28,8.134,5.255
2705,0.000,35,35,35,8.243,5.259
2706,0.000,29,29,29,8.072,5.329
2707,0.000,49,49,49,8.023,5.481
2708,0.000,36,36,36,7.951,5.433
2709,0.000,31,31,31,7.903,5.532
2710,0.000,24,24,24,7.843,5.644
2711,0.000,18,18,18,7.907,5.729
2712,0.000,25,25,25,7.988,5.678
2713,0.000,51,51,51,8.139,5.657
2714,0.000,40,40,40,8.181,5.725
2715,0.000,42,42,42,8.271,5.822
2716,0.000,43,43,43,8.292,5.442
2717,0.000,34,34,34,8.407,5.426
2718,0.000,26,26,26,8.380,5.377
2719,0.000,41,41,41,7.891,5.924
2720,0.000,36,36,36,8.211,5.954
2721,0.000,25,25,25,7.900,6.051
2722,0.000,35,35,35,7.688,5.201
2723,0.000,35,35,35,7.859,5.192
2724,0.000,41,41,41,8.905,4.914
2725,0.000,31,31,31,9.025,4.905
2726,0.000,27,27,27,8.993,4.757
2727,0.000,37,37,37,9.164,4.451
2728,0.000,33,33,33,9.100,4.428
2729,0.000,26,26,26,9.076,4.479
2730,0.000,30,30,30,9.377,4.442
2731,0.000,34,34,34,9.387,4.164
2732,0.000,30,30,30,9.419,4.095
2733,0.000,42,42,42,9.280,4.539
2734,0.000,26,26,26,9.377,4.581
2735,0.000,30,30,30,8.354,4.637
2736,0.000,39,39,39,8.736,5.354
2737,0.000,48,48,48,8.694,5.250
2738,0.000,38,38,38,8.549,5.153
2739,0.000,32,32,32,8.493,5.299
2740,0.000,27,27,27,8.587,5.059
2741,0.000,45,45,45,8.347,5.177
2742,0.000,24,24,24,8.705,5.003
2743,0.000,27,27,27,8.816,4.941
2744,0.000,15,15,15,8.826,5.125
2745,0.000,31,31,31,8.913,5.253
2746,0.000,32,32,32,9.087,5.229
2747,0.000,27,27,27,9.229,5.017
2748,0.000,36,36,36,9.299,5.170
2749,0.000,30,30,30,9.354,4.934
2750,0.000,40,40,40,9.128,5.396
2751,0.000,45,45,45,9.038,5.469
2752,0.000,40,40,40,9.118,5.556
2753,0.000,37,37,37,9.309,5.479
2754,0.000,32,32,32,8.826,5.528
2755,0.000,22,22,22,8.792,5.427
2756,0.000,35,35,35,8.604,5.618
2757,0.000,30,30,30,8.476,5.608
2758,0.000,27,27,27,8.524,5.691
2759,0.000,21,21,21,8.413,5.715
2760,0.000,13,13,13,8.312,5.622
2761,0.000,21,21,21,8.069,5.882
2762,0.000,23,23,23,8.156,6.167
2763,0.000,25,25,25,8.007,6.212
2764,0.000,34,34,34,8.035,6.396
2765,0.000,25,25,25,8.065,6.549
2766,0.000,30,30,30,8.194,6.868
2767,0.000,21,21,21,8.377,6.688
2768,0.000,23,23,23,8.762,6.074
2769,0.000,17,17,17,8.701,6.565
2770,0.000,52,52,52,8.322,6.414
2771,0.000,36,36,36,9.220,5.850
2772,0.000,29,29,29,9.229,5.771
2773,0.000,33,33,33,9.400,5.660
2774,0.000,36,36,36,8.993,5.576
2775,0.000,38,38,38,8.701,5.706
2776,0.000,29,29,29,8.789,5.688
2777,0.000,31,31,31,8.650,5.780
2778,0.000,30,30,30,8.581,5.817
2779,0.000,28,28,28,8.887,5.887
2780,0.000,34,34,34,8.956,5.970
2781,0.000,22,22,22,9.012,5.891
2782,0.000,36,36,36,9.044,6.072
2783,0.000,33,33,33,9.192,6.192
2784,0.000,36,36,36,9.289,5.998
2785,0.000,44,44,44,9.433,5.859
2786,0.000,21,21,21,9.326,5.928
2787,0.000,25,25,25,9.340,6.294
2788,0.000,32,32,32,9.039,6.211
2789,0.000,25,25,25,9.021,6.312
2790,0.000,24,24,24,8.956,6.632
2791,0.000,25,25,25,8.836,6.655
2792,0.000,30,30,30,8.836,6.576
2793,0.000,15,15,15,8.775,6.725
2794,0.000,35,35,35,8.600,6.595
2795,0.000,44,44,44,8.414,6.576
2796,0.000,18,18,18,8.553,6.697
2797,0.000,29,29,29,8.637,6.854
2798,0.000,27,27,27,8.382,6.854
2799,0.000,24,24,24,8.350,6.933
2800,0.000,35,35,35,8.660,7.053
2801,0.000,31,31,31,8.729,6.984
2802,0.000,49,49,49,8.863,6.924
2803,0.000,37,37,37,9.053,6.905
2804,0.000,26,26,26,8.984,6.826
2805,0.000,45,45,45,9.299,7.044
2806,0.000,32,32,32,9.308,6.947
2807,0.000,32,32,32,8.845,6.271
2808,0.000,55,55,55,8.493,6.123
2809,0.000,32,32,32,8.465,6.081
2810,0.000,33,33,33,8.562,6.062
2811,0.000,42,42,42,7.961,6.581
2812,0.000,34,34,34,7.947,6.637
2813,0.000,41,41,41,7.924,6.525
2814,0.000,21,21,21,7.743,6.738
2815,0.000,41,41,41,7.961,7.062
2816,0.000,56,56,56,8.021,6.896
2817,0.000,44,44,44,7.975,6.831
2818,0.000,44,44,44,7.887,6.812
2819,0.000,28,28,28,8.049,7.016
2820,0.000,23,23,23,7.928,6.942
2821,0.000,45,45,45,8.174,6.715
2822,0.000,41,41,41,8.378,6.344
2823,0.000,28,28,28,8.222,6.278
2824,0.000,17,17,17,8.215,6.472
2825,0.000,33,33,33,8.448,6.451
2826,0.000,37,37,37,8.549,6.247
2827,0.000,25,25,25,9.135,6.722
2828,0.000,36,36,36,9.344,6.806
2829,0.000,28,28,28,8.351,5.920
2830,0.000,15,15,15,7.007,6.375
2831,0.000,29,29,29,5.257,4.556
