ID,Area,Mean,Min,Max,X,Y
1,0,47,47,47,633.75,298.25
2,0,45,45,45,638,271.75
3,0,42,42,42,615,270.75
4,0,41,41,41,601.25,291.25
5,0,37,37,37,719,347.75
6,0,53,53,53,744.5,353.5
7,0,50,50,50,652.75,345
8,0,51,51,51,694,372.5
9,0,27,27,27,661.5,393.5
10,0,38,38,38,656.25,403.25
11,0,48,48,48,609.75,375.75
12,0,35,35,35,665,352.75
13,0,52,52,52,588.5,327
14,0,13,13,13,724,315.75
15,0,30,30,30,618,457
16,0,38,38,38,617.5,443.25
17,0,46,46,46,604.5,426.5
18,0,59,59,59,597,432.75
19,0,23,23,23,602.75,442.25
20,0,46,46,46,660.75,450.75
21,0,61,61,61,691.25,432
22,0,44,44,44,680.5,399.25
23,0,32,32,32,746.333,308.833
24,0,33,33,33,752.167,318.667
25,0,49,49,49,764,300.667
26,0,64,64,64,774,315.833
27,0,50,50,50,741.5,250.833
28,0,46,46,46,724,240.5
29,0,55,55,55,774.333,261
30,0,46,46,46,832.667,254.833
31,0,41,41,41,705,307
32,0,49,49,49,645,261
33,0,43,43,43,637.667,255.667
34,0,41,41,41,685.667,243
35,0,46,46,46,690.333,233
36,0,29,29,29,669,251.667
37,0,34,34,34,716.333,277.667
38,0,23,23,23,704.333,297.667
39,0,30,30,30,716.333,302.333
40,0,39,39,39,673.667,275
41,0,34,34,34,657,290.333
42,0,38,38,38,658.333,316.333
43,0,27,27,27,653.667,310.333
44,0,26,26,26,635,317.667
45,0,32,32,32,620.333,323
46,0,37,37,37,615.667,333
47,0,48,48,48,629.667,337
48,0,27,27,27,644.333,342.333
49,0,32,32,32,688.333,344.333
50,0,42,42,42,699,353
51,0,39,39,39,706.333,354.333
52,0,52,52,52,795.667,329.667
53,0,41,41,41,797,321
54,0,45,45,45,812.333,301.667
55,0,22,22,22,807,284.333
56,0,50,50,50,825.667,267
57,0,59,59,59,800.333,230.333
58,0,54,54,54,797,215
59,0,57,57,57,825.667,201.667
60,0,46,46,46,853.667,186.333
61,0,57,57,57,849.667,176.333
62,0,39,39,39,851,199
63,0,37,37,37,863.667,205
64,0,27,27,27,862.333,257
65,0,30,30,30,849.667,259.667
66,0,48,48,48,867.667,304.333
67,0,49,49,49,860.333,313
68,0,43,43,43,848,307.333
69,0,40,40,40,845,345.667
70,0,46,46,46,830.333,365
71,0,60,60,60,851.667,385
72,0,32,32,32,861,369
73,0,46,46,46,857,394.333
74,0,37,37,37,887,417
75,0,36,36,36,872.333,400.333
76,0,43,43,43,883.667,389
77,0,42,42,42,886.333,380.333
78,0,38,38,38,882.333,364.333
79,0,51,51,51,872.333,349.667
80,0,46,46,46,810.667,248
81,0,30,30,30,829.667,225.667
82,0,67,67,67,881,246
83,0,40,40,40,885.667,254
84,0,59,59,59,893.333,269.333
85,0,35,35,35,889,289
86,0,29,29,29,871.667,289.667
87,0,68,68,68,887.333,318.333
88,0,38,38,38,891,340
89,0,51,51,51,899.667,337.667
90,0,71,71,71,909.333,332
91,0,56,56,56,915.667,320.333
92,0,39,39,39,922.667,333.667
93,0,42,42,42,910,300.667
94,0,53,53,53,935.333,290.667
95,0,43,43,43,943.667,306.333
96,0,50,50,50,957,292.333
97,0,49,49,49,962.667,277
98,0,36,36,36,944.333,271.333
99,0,50,50,50,990.333,270.667
100,0,35,35,35,980.667,307.333
101,0,43,43,43,963.333,323.333
102,0,50,50,50,974.667,347
103,0,54,54,54,971.333,355.333
104,0,44,44,44,950,371.667
105,0,39,39,39,932.333,354.667
106,0,21,21,21,942,345.667
107,0,29,29,29,958.333,363
108,0,46,46,46,1006.333,352.333
109,0,35,35,35,997.333,356.333
110,0,29,29,29,1008.333,345.333
111,0,51,51,51,1011.667,375.667
112,0,33,33,33,1003.333,377.667
113,0,48,48,48,1017.333,383.667
114,0,39,39,39,1022.667,381
115,0,48,48,48,1024.667,310.667
116,0,53,53,53,1010,298.333
117,0,26,26,26,993.333,311.333
118,0,56,56,56,900.667,197.333
119,0,25,25,25,892.667,205
120,0,28,28,28,888.333,188
121,0,43,43,43,901,179.333
122,0,32,32,32,893.667,169.333
123,0,69,69,69,881.667,173.667
124,0,41,41,41,916.333,208
125,0,63,63,63,928.333,207.667
126,0,44,44,44,932.333,217.333
127,0,56,56,56,943,212
128,0,29,29,29,956.667,230.333
129,0,33,33,33,967.333,230
130,0,45,45,45,968,242.333
131,0,24,24,24,954.333,249
132,0,48,48,48,974,261
133,0,35,35,35,995.333,253.667
134,0,50,50,50,1012.333,276.333
135,0,50,50,50,1023.667,275.667
136,0,46,46,46,924.333,187.333
137,0,48,48,48,948,164.333
138,0,51,51,51,941.333,192
139,0,40,40,40,965.667,181
140,0,53,53,53,960,200.333
141,0,50,50,50,995.667,206.333
142,0,58,58,58,1011.667,226
143,0,32,32,32,1004,231.333
144,0,49,49,49,779.667,326.333
145,0,35,35,35,738.333,333
146,0,53,53,53,762.333,350.667
147,0,34,34,34,750,344.667
148,0,43,43,43,784,359.667
149,0,23,23,23,823.333,341
150,0,21,21,21,813.333,356.333
151,0,22,22,22,800.667,380
152,0,24,24,24,815,380.667
153,0,46,46,46,784.667,383
154,0,46,46,46,802.333,397.667
155,0,44,44,44,767,370.333
156,0,39,39,39,769.667,364.667
157,0,57,57,57,734.333,353.333
158,0,40,40,40,743,365
159,0,47,47,47,749.667,374
160,0,26,26,26,753.333,359.667
161,0,37,37,37,719.333,387
162,0,39,39,39,728,390
163,0,31,31,31,726.667,409.667
164,0,37,37,37,717,403.333
165,0,24,24,24,766.333,404.333
166,0,23,23,23,733,400.333
167,0,28,28,28,759.667,417.667
168,0,44,44,44,738.667,421
169,0,49,49,49,773.333,432
170,0,29,29,29,802,416
171,0,63,63,63,801.333,440.667
172,0,30,30,30,817.667,444.667
173,0,32,32,32,839.333,436
174,0,30,30,30,852.667,422
175,0,60,60,60,813.667,407.667
176,0,34,34,34,734.333,269.667
177,0,45,45,45,692,250.667
178,0,38,38,38,639.667,354.667
179,0,38,38,38,630.667,364.333
180,0,33,33,33,607.667,357
181,0,33,33,33,592.333,357
182,0,26,26,26,598.667,347
183,0,57,57,57,583.667,368.667
184,0,39,39,39,591.667,394.333
185,0,50,50,50,598.667,402
186,0,54,54,54,589.667,410
187,0,43,43,43,606.333,392
188,0,29,29,29,615,418.667
189,0,36,36,36,631.667,427
190,0,36,36,36,631.667,413.333
191,0,45,45,45,648,424.333
192,0,52,52,52,644.333,413
193,0,43,43,43,636,398
194,0,37,37,37,645.667,405.333
195,0,44,44,44,670.333,415.333
196,0,32,32,32,668,438.667
197,0,36,36,36,648,442.667
198,0,25,25,25,644,450
199,0,52,52,52,697.667,424.333
200,0,39,39,39,692.333,412
201,0,47,47,47,727,432.667
202,0,31,31,31,695.333,446.667
203,0,38,38,38,758,446.667
204,0,37,37,37,892.667,331
205,0,21,21,21,763,245.333
206,0,35,35,35,762.667,256.333
207,0,23,23,23,753,262
208,0,20,20,20,758.667,275
209,0,34,34,34,785.333,303
210,0,64,64,64,721,224
211,0,47,47,47,708.667,226
212,0,35,35,35,700,215.667
213,0,46,46,46,773.333,204
214,0,58,58,58,795,203.333
215,0,36,36,36,807.333,209.333
216,0,40,40,40,790.667,222
217,0,54,54,54,614.333,247.333
218,0,52,52,52,620.333,246.667
219,0,53,53,53,619,240
220,0,47,47,47,608.667,234.667
221,0,45,45,45,612.667,217.333
222,0,49,49,49,615.667,200.333
223,0,41,41,41,635,217
224,0,22,22,22,674.333,230
225,0,47,47,47,658.667,195.333
226,0,43,43,43,671.333,188.667
227,0,48,48,48,690.667,194.667
228,0,42,42,42,708.667,172.667
229,0,40,40,40,691.333,178.667
230,0,46,46,46,725.333,155.333
231,0,73,73,73,764.667,189.333
232,0,24,24,24,753.333,200
233,0,32,32,32,724,200
234,0,32,32,32,796,169.333
235,0,26,26,26,778,166
236,0,30,30,30,782.667,152
237,0,31,31,31,757.333,156.667
238,0,39,39,39,778.667,132.667
239,0,42,42,42,755.333,134.667
240,0,35,35,35,747.333,124.667
241,0,46,46,46,740,112
242,0,27,27,27,738,106
243,0,47,47,47,828,134
244,0,50,50,50,872.667,174.667
245,0,35,35,35,865.333,167.333
246,0,21,21,21,856.667,150.667
247,0,28,28,28,817.333,155.333
248,0,21,21,21,819.333,180
249,0,46,46,46,810,131.333
250,0,33,33,33,799.333,128
251,0,37,37,37,811.333,120.667
252,0,55,55,55,816.667,110.667
253,0,48,48,48,828,119.333
254,0,61,61,61,810.667,101.333
255,0,57,57,57,786,108
256,0,43,43,43,774,98.667
257,0,21,21,21,770,85.333
258,0,40,40,40,786.667,82
259,0,36,36,36,796,62.667
260,0,35,35,35,799.333,49.333
261,0,48,48,48,806.667,32
262,0,57,57,57,834,29.333
263,0,47,47,47,844.667,42
264,0,52,52,52,852,43.333
265,0,40,40,40,821.333,49.333
266,0,36,36,36,832.667,48.667
267,0,41,41,41,840.667,76
268,0,41,41,41,838.667,88.667
269,0,39,39,39,833.333,96.667
270,0,47,47,47,828.667,101.333
271,0,27,27,27,852,112.667
272,0,40,40,40,877.333,142
273,0,24,24,24,891.333,146.667
274,0,39,39,39,894.667,135.333
275,0,30,30,30,890,121.333
276,0,26,26,26,885.333,113.333
277,0,51,51,51,920.667,110
278,0,46,46,46,887.333,72.667
279,0,48,48,48,874,74.667
280,0,29,29,29,860,93.333
281,0,41,41,41,884,88.667
282,0,38,38,38,913.333,88
283,0,41,41,41,920.667,84
284,0,39,39,39,926,81.333
285,0,50,50,50,938.667,128
286,0,37,37,37,942.667,158.667
287,0,25,25,25,924.667,164.667
288,0,31,31,31,1015.333,256
289,0,62,62,62,1068,265.333
290,0,24,24,24,1039.333,265.333
291,0,34,34,34,1040,297.333
292,0,33,33,33,1052.667,321.333
293,0,35,35,35,1062.667,319.333
294,0,29,29,29,1064.667,308
295,0,27,27,27,1073.333,282
296,0,39,39,39,849.333,294.667
297,0,22,22,22,832,312.667
298,0,32,32,32,859.333,61.333
299,0,27,27,27,825.333,84.667
300,0,28,28,28,776.667,293.333
301,0,56,56,56,862.667,344.667
302,0,20,20,20,693.333,278
303,0,34,34,34,663.333,275.333
304,0,34,34,34,924,384
305,0,44,44,44,913.333,390.667
306,0,36,36,36,936,395.333
307,0,26,26,26,896.667,411.333
308,0,31,31,31,978,211.333
309,0,50,50,50,992,41.333
310,0,38,38,38,973.333,48
311,0,36,36,36,940,72
312,0,46,46,46,937.333,57.333
313,0,41,41,41,932.667,48
314,0,31,31,31,911.333,38
315,0,47,47,47,881.333,19.333
316,0,49,49,49,894.667,10
317,0,40,40,40,935.333,16
318,0,60,60,60,969.333,10
319,0,39,39,39,976.667,21.333
320,0,38,38,38,938,31.333
321,0,56,56,56,1054.667,20.667
322,0,39,39,39,1023.333,18
323,0,49,49,49,1024.667,2.667
324,0,35,35,35,1073.333,5.333
325,0,36,36,36,1087.333,10.667
326,0,47,47,47,1078,21.333
327,0,20,20,20,1117.333,8
328,0,47,47,47,1122,21.333
329,0,41,41,41,1111.333,56.667
330,0,40,40,40,1122,49.333
331,0,27,27,27,1108.667,41.333
332,0,30,30,30,1107.333,32.667
333,0,32,32,32,1096,30.667
334,0,36,36,36,1092,40.667
335,0,40,40,40,1052.667,63.333
336,0,43,43,43,1058.667,72.667
337,0,50,50,50,1055.333,100.667
338,0,53,53,53,1094,130.667
339,0,43,43,43,1082,128
340,0,34,34,34,1066.667,127.333
341,0,33,33,33,1054.667,124.667
342,0,46,46,46,1024.667,115.333
343,0,34,34,34,1009.333,118.667
344,0,50,50,50,968.667,122.667
345,0,35,35,35,980,115.333
346,0,51,51,51,1022,132
347,0,36,36,36,1038.667,141.333
348,0,28,28,28,1022,153.333
349,0,34,34,34,1057.333,148.667
350,0,30,30,30,1070,156.667
351,0,46,46,46,1088,164.667
352,0,37,37,37,1092.667,180.667
353,0,67,67,67,1126,191.333
354,0,36,36,36,1113.333,164
355,0,38,38,38,1111.333,156
356,0,32,32,32,1058.667,192
357,0,30,30,30,1043.333,195.333
358,0,38,38,38,1094.667,208
359,0,30,30,30,1080.667,195.333
360,0,28,28,28,1053.333,230.667
361,0,27,27,27,1070.667,234.667
362,0,30,30,30,1088.667,240
363,0,62,62,62,1024.667,193.333
364,0,47,47,47,1001.333,183.333
365,0,28,28,28,994,181.333
366,0,43,43,43,984,175.333
367,0,35,35,35,986.667,166.667
368,0,26,26,26,996,73.333
369,0,25,25,25,996,84.667
370,0,31,31,31,1019.333,88.667
371,0,42,42,42,1018.667,102.667
372,0,26,26,26,1016,68.667
373,0,19,19,19,1020,78
374,0,27,27,27,1031.333,53.333
375,0,21,21,21,1046,54
376,0,48,48,48,1072,47.333
377,0,31,31,31,1028.667,42
378,0,37,37,37,1074,90
379,0,30,30,30,1075.333,98.667
380,0,31,31,31,1105.333,90.667
381,0,31,31,31,1104.667,104
382,0,55,55,55,1115.333,85.333
383,0,37,37,37,1128,98
384,0,29,29,29,1053.333,79.333
385,0,69,69,69,997.333,402.667
386,0,36,36,36,966,425.333
387,0,41,41,41,954.667,428
388,0,32,32,32,984.667,430.667
389,0,28,28,28,905.333,398
390,0,24,24,24,928,410.667
391,0,28,28,28,938,420.667
392,0,29,29,29,938.667,427.333
393,0,35,35,35,932,438.667
394,0,33,33,33,925.333,451.333
395,0,56,56,56,904.667,462
396,0,29,29,29,898.667,462
397,0,32,32,32,914,450
398,0,38,38,38,1006.667,454
399,0,40,40,40,966.667,466.667
400,0,28,28,28,987.333,465.333
401,0,22,22,22,1016,442.667
402,0,36,36,36,1004.667,437.333
403,0,20,20,20,999.333,446
404,0,38,38,38,1006.667,418
405,0,31,31,31,1014.667,415.333
406,0,42,42,42,1036.667,428.667
407,0,42,42,42,1032,400
408,0,41,41,41,1068.667,429.333
409,0,35,35,35,1075.333,436.667
410,0,44,44,44,1083.333,450
411,0,19,19,19,1071.333,448.667
412,0,32,32,32,1052,447.333
413,0,34,34,34,1032.667,456.667
414,0,48,48,48,1072.667,469.333
415,0,51,51,51,1096.667,505.333
416,0,45,45,45,1100.667,500.667
417,0,38,38,38,1122.667,488
418,0,32,32,32,1094,474.667
419,0,30,30,30,1072,509.333
420,0,30,30,30,1043.333,494
421,0,60,60,60,1012.667,500
422,0,23,23,23,1021.333,494.667
423,0,24,24,24,1022.667,476
424,0,27,27,27,999.333,477.333
425,0,26,26,26,981.333,485.333
426,0,21,21,21,966,500.667
427,0,25,25,25,976,448.667
428,0,24,24,24,949.333,492.667
429,0,47,47,47,929.333,473.333
430,0,39,39,39,908,491.333
431,0,43,43,43,916.667,495.333
432,0,23,23,23,967.333,395.333
433,0,27,27,27,972,385.333
434,0,27,27,27,978,369.333
435,0,37,37,37,474,490
436,0,42,42,42,460.667,481.333
437,0,36,36,36,450.667,496
438,0,45,45,45,472.667,506
439,0,29,29,29,461.333,507.333
440,0,26,26,26,463.333,497.333
441,0,53,53,53,492.667,506
442,0,58,58,58,520.667,508.667
443,0,41,41,41,516,502
444,0,41,41,41,492.667,490
445,0,31,31,31,488,448.667
446,0,75,75,75,470,436
447,0,30,30,30,475.333,427.333
448,0,28,28,28,490.667,439.333
449,0,42,42,42,490.667,409.333
450,0,60,60,60,532.667,474.667
451,0,59,59,59,542,469.333
452,0,40,40,40,538.667,458
453,0,70,70,70,595.333,490
454,0,45,45,45,594,482
455,0,36,36,36,570.667,492.667
456,0,29,29,29,557.333,493.333
457,0,27,27,27,580.667,472.667
458,0,27,27,27,585.333,464
459,0,39,39,39,595.333,462.667
460,0,37,37,37,582.667,450.667
461,0,25,25,25,568.667,466
462,0,24,24,24,613.333,469.333
463,0,36,36,36,494,472.667
464,0,23,23,23,486,484
465,0,32,32,32,611.333,502.667
466,0,49,49,49,622,502.667
467,0,54,54,54,630.667,511.333
468,0,26,26,26,644.667,486.667
469,0,48,48,48,636.667,474
470,0,24,24,24,671.333,502
471,0,27,27,27,679.333,476.667
472,0,24,24,24,697.333,488
473,0,33,33,33,698,496
474,0,29,29,29,686,504.667
475,0,37,37,37,716,477.333
476,0,45,45,45,713.333,466.667
477,0,29,29,29,730.667,463.333
478,0,63,63,63,717.333,434
479,0,31,31,31,742,463.333
480,0,48,48,48,736.667,478
481,0,46,46,46,760.667,487.333
482,0,37,37,37,738,503.333
483,0,41,41,41,724,498
484,0,50,50,50,754.667,508.667
485,0,38,38,38,781.333,495.333
486,0,54,54,54,788.667,494
487,0,39,39,39,802.667,508.667
488,0,46,46,46,814,507.333
489,0,51,51,51,784,474.667
490,0,26,26,26,776,456.667
491,0,27,27,27,782.667,451.333
492,0,38,38,38,809.333,472
493,0,27,27,27,818,464
494,0,42,42,42,851.333,488.667
495,0,31,31,31,842.667,468.667
496,0,38,38,38,922.667,282.667
497,0,25,25,25,866.667,464.667
498,0,20,20,20,860.667,439.333
499,0,15,15,15,909.333,437.333
500,0,23,23,23,890.667,451.333
501,0,18,18,18,884.667,458
502,0,44,44,44,890.667,491.333
503,0,31,31,31,894.667,500
504,0,30,30,30,872.667,492.667
505,0,44,44,44,883.333,501.333
506,0,47,47,47,892.667,510
507,0,24,24,24,1030.667,341.333
508,0,35,35,35,1048.667,340
509,0,26,26,26,1040.667,356
510,0,58,58,58,1063.333,356.667
511,0,32,32,32,1085.333,364
512,0,37,37,37,1096.667,382
513,0,25,25,25,1093.333,376.667
514,0,28,28,28,1076.667,392
515,0,32,32,32,1061.333,398
516,0,28,28,28,1062,386
517,0,22,22,22,1082,414
518,0,31,31,31,1054,412
519,0,29,29,29,1064,416
520,0,20,20,20,912.667,356.667
521,0,42,42,42,1111.333,276.667
522,0,25,25,25,1104,272.667
523,0,22,22,22,1092.667,270.667
524,0,32,32,32,1114,261.333
525,0,37,37,37,1125.333,272.667
526,0,46,46,46,1116,296
527,0,27,27,27,1106,304
528,0,41,41,41,1105.333,323.333
529,0,47,47,47,1129.333,319.333
530,0,28,28,28,1103.333,335.333
531,0,23,23,23,1120,333.333
532,0,39,39,39,1104,344.667
533,0,23,23,23,1078,343.333
534,0,36,36,36,1101.333,354.667
535,0,29,29,29,1122,345.333
536,0,30,30,30,1112.667,400
537,0,44,44,44,1118.667,411.333
538,0,26,26,26,1126.667,451.333
539,0,26,26,26,1108.667,484
540,0,26,26,26,1118.667,231.333
541,0,22,22,22,1081.333,226
542,0,29,29,29,1056.667,207.333
543,0,30,30,30,958,26.667
544,0,23,23,23,1041.333,76
545,0,24,24,24,847.333,508
546,0,11,11,11,832,504
547,0,50,50,50,528.667,410
548,0,38,38,38,529.333,420.667
549,0,55,55,55,555.333,418
550,0,44,44,44,578.667,418
551,0,33,33,33,571.333,408.667
552,0,22,22,22,561.333,446
553,0,25,25,25,544,434
554,0,23,23,23,556.667,431.333
555,0,36,36,36,519.333,448
556,0,48,48,48,514,440
557,0,32,32,32,512.667,419.333
558,0,73,73,73,519.333,374
559,0,18,18,18,516,478.667
560,0,21,21,21,463.333,462
561,0,30,30,30,459.333,402
562,0,37,37,37,468.667,392
563,0,49,49,49,473.333,386.667
564,0,43,43,43,500,387.333
565,0,27,27,27,494.667,371.333
566,0,39,39,39,473.333,334
567,0,39,39,39,484.667,322.667
568,0,39,39,39,452,337.333
569,0,22,22,22,474.667,350
570,0,32,32,32,464.667,360
571,0,25,25,25,468.667,377.333
572,0,43,43,43,457.333,374.667
573,0,72,72,72,456,286
574,0,38,38,38,480,310
575,0,54,54,54,486.667,297.333
576,0,46,46,46,498.667,312
577,0,66,66,66,506.667,306
578,0,106,106,106,527.333,327.333
579,0,31,31,31,504.667,328
580,0,28,28,28,512.667,331.333
581,0,46,46,46,534,348
582,0,30,30,30,519.333,350
583,0,53,53,53,551.333,360
584,0,35,35,35,536,387.333
585,0,36,36,36,552,381.333
586,0,39,39,39,568,374
587,0,40,40,40,568.667,364
588,0,48,48,48,575.333,340
589,0,47,47,47,563.333,342
590,0,29,29,29,571.333,329.333
591,0,28,28,28,565.333,324
592,0,45,45,45,552.667,306
593,0,32,32,32,543.333,304
594,0,50,50,50,540.667,292.667
595,0,46,46,46,556,280
596,0,43,43,43,570.667,274
597,0,45,45,45,573.333,261.333
598,0,48,48,48,567.333,256
599,0,36,36,36,578,251.333
600,0,31,31,31,558.667,242.667
601,0,46,46,46,556.667,234.667
602,0,44,44,44,543.333,243.333
603,0,40,40,40,520.667,236
604,0,43,43,43,509.333,262.667
605,0,27,27,27,510,249.333
606,0,32,32,32,496,272
607,0,30,30,30,491.333,279.333
608,0,50,50,50,497.333,288
609,0,42,42,42,470.667,272
610,0,33,33,33,683.333,149.333
611,0,23,23,23,706,157.333
612,0,19,19,19,710,144
613,0,22,22,22,706,131.333
614,0,31,31,31,703.333,112
615,0,35,35,35,698,92.667
616,0,32,32,32,711.333,90.667
617,0,24,24,24,716.667,101.333
618,0,25,25,25,731.333,83.333
619,0,33,33,33,718,70
620,0,27,27,27,708,70
621,0,28,28,28,740.667,60.667
622,0,22,22,22,769.333,44
623,0,26,26,26,993.333,16
624,0,29,29,29,954,4
625,0,55,55,55,460.667,245.333
626,0,50,50,50,476,232.667
627,0,51,51,51,468,224.667
628,0,50,50,50,474.667,218.667
629,0,25,25,25,485.333,215.333
630,0,25,25,25,496.667,224.667
631,0,47,47,47,501.333,206
632,0,35,35,35,535.333,229.333
633,0,26,26,26,539.333,221.333
634,0,26,26,26,540,211.333
635,0,25,25,25,535.333,204
636,0,22,22,22,532,201.333
637,0,25,25,25,558.667,210
638,0,29,29,29,560,198.667
639,0,48,48,48,453.333,219.333
640,0,57,57,57,610,182.667
641,0,32,32,32,573.333,190.667
642,0,24,24,24,591.333,237.333
643,0,28,28,28,530.667,284
644,0,23,23,23,621.333,285.333
645,0,29,29,29,592.667,281.333
646,0,24,24,24,587.333,263.333
647,0,21,21,21,576,309.333
648,0,19,19,19,674,382
649,0,19,19,19,696.667,386
650,0,19,19,19,679.333,456.667
651,0,46,46,46,493.333,184
652,0,36,36,36,526,170
653,0,47,47,47,566,176.667
654,0,52,52,52,555.333,171.333
655,0,45,45,45,556.667,153.333
656,0,54,54,54,564,160.667
657,0,57,57,57,572.667,160
658,0,48,48,48,578,154.667
659,0,35,35,35,584.667,149.333
660,0,72,72,72,595.333,134.667
661,0,43,43,43,590.667,128
662,0,47,47,47,646.667,166
663,0,41,41,41,639.333,175.333
664,0,65,65,65,649.333,175.333
665,0,57,57,57,602,158.667
666,0,62,62,62,503.333,140
667,0,35,35,35,505.333,164
668,0,51,51,51,495.333,150.667
669,0,25,25,25,484,167.333
670,0,21,21,21,461.333,172.667
671,0,48,48,48,463.333,154
672,0,54,54,54,470.667,142
673,0,70,70,70,466,133.333
674,0,38,38,38,482,131.333
675,0,57,57,57,488,143.333
676,0,49,49,49,490,116.667
677,0,48,48,48,496.667,117.333
678,0,38,38,38,501.333,112
679,0,48,48,48,495.333,104
680,0,48,48,48,486.667,93.333
681,0,61,61,61,495.333,86
682,0,42,42,42,527.333,99.333
683,0,42,42,42,518.667,116.667
684,0,26,26,26,515.333,124.667
685,0,48,48,48,536.667,132
686,0,37,37,37,548,132
687,0,33,33,33,533.333,141.333
688,0,58,58,58,537.333,156.667
689,0,24,24,24,834,380
690,0,27,27,27,628.667,390.667
691,0,31,31,31,496.667,354.667
692,0,46,46,46,562,86
693,0,59,59,59,547.333,85.333
694,0,47,47,47,540,82
695,0,40,40,40,544,78
696,0,58,58,58,580.667,58.667
697,0,55,55,55,570,42.667
698,0,31,31,31,558,57.333
699,0,40,40,40,548.667,44.667
700,0,46,46,46,579.333,117.333
701,0,47,47,47,562.667,122.667
702,0,33,33,33,567.333,99.333
703,0,29,29,29,606.667,115.333
704,0,46,46,46,633.333,114
705,0,47,47,47,631.333,101.333
706,0,42,42,42,666,118
707,0,24,24,24,668,104.667
708,0,28,28,28,678,126.667
709,0,14,14,14,656.667,131.333
710,0,34,34,34,635.333,136.667
711,0,45,45,45,594.667,171.333
712,0,48,48,48,654.667,155.333
713,0,30,30,30,485.333,69.333
714,0,49,49,49,462,81.333
715,0,26,26,26,458.667,109.333
716,0,28,28,28,517.333,59.333
717,0,54,54,54,506.667,47.333
718,0,32,32,32,511.333,42
719,0,42,42,42,480.667,56
720,0,35,35,35,474.667,61.333
721,0,33,33,33,478.667,46.667
722,0,54,54,54,483.333,40
723,0,38,38,38,492,34.667
724,0,23,23,23,496,24
725,0,52,52,52,484.667,15.333
726,0,42,42,42,453.333,37.333
727,0,45,45,45,532,24.667
728,0,35,35,35,520.667,23.333
729,0,25,25,25,512,13.333
730,0,33,33,33,525.333,4.667
731,0,37,37,37,542,2
732,0,36,36,36,576,7.333
733,0,34,34,34,582.667,80
734,0,27,27,27,604.667,80
735,0,43,43,43,648.667,80
736,0,26,26,26,662.667,76.667
737,0,73,73,73,655.333,66.667
738,0,40,40,40,637.333,66.667
739,0,42,42,42,608,46
740,0,42,42,42,655.333,46
741,0,61,61,61,658,23.333
742,0,63,63,63,626,9.333
743,0,47,47,47,650,4
744,0,46,46,46,678.667,11.333
745,0,37,37,37,689.333,28
746,0,28,28,28,695.333,21.333
747,0,49,49,49,703.333,30.667
748,0,69,69,69,726,44.667
749,0,29,29,29,695.333,50.667
750,0,31,31,31,758,26.667
751,0,38,38,38,728.667,34
752,0,54,54,54,729.333,12.667
753,0,36,36,36,734,6.667
754,0,58,58,58,710.667,4
755,0,41,41,41,774,8.667
756,0,28,28,28,790,28
757,0,56,56,56,818,4
758,0,40,40,40,619.333,37.333
759,0,21,21,21,618,64
760,0,23,23,23,902,24
761,0,27,27,27,1155.333,54.333
762,0,31,31,31,1187.333,49
763,0,42,42,42,1209.333,56.333
764,0,30,30,30,1162,64.333
765,0,39,39,39,1153.333,71
766,0,30,30,30,1144.667,80.333
767,0,45,45,45,1146.667,128.333
768,0,22,22,22,1148.667,151
769,0,36,36,36,1185.333,149
770,0,45,45,45,1161.333,194.333
771,0,35,35,35,1156,186.333
772,0,26,26,26,1137.333,185
773,0,26,26,26,1156,233
774,0,24,24,24,1140.667,233
775,0,44,44,44,1135.333,218.333
776,0,32,32,32,1136.667,251
777,0,37,37,37,1144.667,265.667
778,0,33,33,33,1142.667,269.667
779,0,50,50,50,1154.667,267
780,0,24,24,24,1149.333,278.333
781,0,24,24,24,1168,259.667
782,0,55,55,55,1183.333,256.333
783,0,29,29,29,1193.333,273
784,0,45,45,45,1214,291.667
785,0,36,36,36,1217.333,300.333
786,0,42,42,42,1196,303.667
787,0,38,38,38,1192,311
788,0,45,45,45,1178.667,298.333
789,0,34,34,34,1179.333,288.333
790,0,43,43,43,1144,304.333
791,0,29,29,29,1150,306.333
792,0,51,51,51,1172.667,336.333
793,0,50,50,50,1194,337.667
794,0,23,23,23,1186,330.333
795,0,48,48,48,1146.667,341.667
796,0,23,23,23,1112.667,379
797,0,21,21,21,1134,377
798,0,22,22,22,1152.667,373
799,0,40,40,40,1164,385.667
800,0,20,20,20,1176,387.667
801,0,36,36,36,1204,367.667
802,0,27,27,27,1194.667,361
803,0,34,34,34,1222.667,382.333
804,0,43,43,43,1230,367.667
805,0,35,35,35,1236.667,361
806,0,37,37,37,1222,337
807,0,36,36,36,1274,335.667
808,0,22,22,22,1288,338.333
809,0,23,23,23,1325.333,352.333
810,0,31,31,31,1324,329
811,0,28,28,28,1301.333,319.667
812,0,40,40,40,1298,305
813,0,42,42,42,1290,302.333
814,0,31,31,31,1268.667,313.667
815,0,41,41,41,1290.667,389.667
816,0,19,19,19,1275.333,374.333
817,0,29,29,29,1271.333,388.333
818,0,31,31,31,1271.333,394.333
819,0,27,27,27,1298.667,406.333
820,0,34,34,34,1310.667,430.333
821,0,23,23,23,1265.333,426.333
822,0,36,36,36,1262,430.333
823,0,24,24,24,1243.333,429.667
824,0,18,18,18,1245.333,422.333
825,0,20,20,20,1232,415
826,0,32,32,32,1203.333,390.333
827,0,35,35,35,1198,387.667
828,0,19,19,19,1196,398.333
829,0,19,19,19,1161.333,354.333
830,0,16,16,16,1134.667,364.333
831,0,45,45,45,1137.333,407.667
832,0,23,23,23,1132,400.333
833,0,28,28,28,1149.333,400.333
834,0,42,42,42,1152.667,411.667
835,0,58,58,58,1136.667,437
836,0,57,57,57,1133.333,449.667
837,0,29,29,29,1182,436.333
838,0,20,20,20,1171.333,429.667
839,0,40,40,40,1173.333,415
840,0,33,33,33,1201.333,423.667
841,0,57,57,57,1213,428.5
842,0,38,38,38,1226,443.667
843,0,40,40,40,1225.333,455
844,0,37,37,37,1236.667,461
845,0,26,26,26,1242.667,471.667
846,0,48,48,48,1246,489.667
847,0,25,25,25,1260.667,487.667
848,0,55,55,55,1212,481.667
849,0,36,36,36,1205.333,491
850,0,26,26,26,1210,453.667
851,0,39,39,39,1182.667,455.667
852,0,39,39,39,1168,457
853,0,32,32,32,1166,467.667
854,0,35,35,35,1150.667,463
855,0,44,44,44,1149.333,471.667
856,0,46,46,46,1150.667,485.667
857,0,24,24,24,1160.667,486.333
858,0,15,15,15,1181.333,491
859,0,26,26,26,1183.333,500.333
860,0,32,32,32,1187.333,514.333
861,0,41,41,41,1232,527
862,0,43,43,43,1264,503.667
863,0,26,26,26,1072,499.667
864,0,52,52,52,1074,515
865,0,18,18,18,1090,531
866,0,48,48,48,1123.333,528.333
867,0,39,39,39,1124,533.667
868,0,29,29,29,1027.333,524.333
869,0,32,32,32,980,515
870,0,24,24,24,999.333,533.667
871,0,18,18,18,968,519
872,0,51,51,51,925.333,514.333
873,0,47,47,47,948,533
874,0,43,43,43,936.667,527.667
875,0,41,41,41,934.667,535.667
876,0,29,29,29,927.333,535
877,0,19,19,19,909.333,511
878,0,52,52,52,867.333,527.667
879,0,79,79,79,861.333,523.667
880,0,39,39,39,842.667,527.667
881,0,38,38,38,824,525
882,0,27,27,27,787.333,521
883,0,27,27,27,779.333,521
884,0,45,45,45,773.333,533
885,0,22,22,22,757.333,529
886,0,30,30,30,740,518.333
887,0,33,33,33,730,519.667
888,0,15,15,15,730,527.667
889,0,19,19,19,719.333,523.667
890,0,31,31,31,737.333,536.333
891,0,48,48,48,1051.333,537
892,0,41,41,41,1073.333,537
893,0,30,30,30,1293.333,535.667
894,0,25,25,25,1300.667,519.667
895,0,36,36,36,1301.333,508.333
896,0,26,26,26,1299.333,496.333
897,0,33,33,33,1317.333,483.667
898,0,26,26,26,1343.333,483
899,0,41,41,41,1353.333,457.667
900,0,21,21,21,1336.667,440.333
901,0,20,20,20,1314,454.333
902,0,21,21,21,1288.667,481
903,0,18,18,18,1352.667,433
904,0,21,21,21,1353.333,422.333
905,0,22,22,22,1348,408.333
906,0,19,19,19,1322,395.667
907,0,24,24,24,1339.333,379.667
908,0,26,26,26,1344.667,373.667
909,0,27,27,27,1348,362.333
910,0,19,19,19,1312,359
911,0,21,21,21,905.333,288.333
912,0,32,32,32,1184.667,201
913,0,29,29,29,1202.667,226.333
914,0,32,32,32,1220.667,263
915,0,32,32,32,1260.667,257
916,0,42,42,42,1254.667,235
917,0,20,20,20,1290.667,263.667
918,0,33,33,33,1287.333,246.333
919,0,29,29,29,1317.333,245.667
920,0,28,28,28,1303.333,253
921,0,32,32,32,1323.333,271
922,0,28,28,28,1334,271
923,0,24,24,24,1347.333,265
924,0,26,26,26,1356,283
925,0,29,29,29,1329.333,312.333
926,0,15,15,15,1343.333,323
927,0,21,21,21,1236.667,316.333
928,0,20,20,20,1224.667,349.667
929,0,47,47,47,1253.333,111.667
930,0,20,20,20,1251.333,125
931,0,25,25,25,1245.333,102.333
932,0,35,35,35,1218,139
933,0,25,25,25,1186.667,137
934,0,29,29,29,1200,191
935,0,31,31,31,1213.333,187.667
936,0,31,31,31,1210.667,179
937,0,37,37,37,1236,185.667
938,0,27,27,27,1236,173
939,0,21,21,21,1260.667,175
940,0,31,31,31,1221.333,207
941,0,28,28,28,1238,204.333
942,0,35,35,35,1240,212.333
943,0,26,26,26,1256,215.667
944,0,35,35,35,1288.667,203.667
945,0,26,26,26,1323.333,223.667
946,0,38,38,38,1320.667,213.667
947,0,22,22,22,1336,211
948,0,29,29,29,1340,219
949,0,18,18,18,1344.667,201
950,0,20,20,20,1337.333,189.667
951,0,30,30,30,1345.333,177
952,0,42,42,42,1353.333,167.667
953,0,26,26,26,1316,171
954,0,42,42,42,1308.667,159.667
955,0,55,55,55,1318.667,140.333
956,0,31,31,31,1349.333,140.333
957,0,26,26,26,1296,145.667
958,0,24,24,24,1289.333,145.667
959,0,18,18,18,1276,145.667
960,0,26,26,26,1257.333,146.333
961,0,22,22,22,1336.667,127.667
962,0,40,40,40,1222,118.333
963,0,37,37,37,1205.333,115
964,0,26,26,26,1215.333,103.667
965,0,23,23,23,1224.667,106.333
966,0,28,28,28,1177.333,91.667
967,0,33,33,33,1184,87
968,0,41,41,41,1257.333,85
969,0,31,31,31,1272.667,89.667
970,0,30,30,30,1301.333,86.333
971,0,30,30,30,1295.333,93
972,0,38,38,38,1275.333,70.333
973,0,27,27,27,1270.667,64.333
974,0,45,45,45,1300.667,37.667
975,0,25,25,25,1298.667,32.333
976,0,41,41,41,1170.667,6
977,0,46,46,46,1181.333,2.667
978,0,52,52,52,1196,4
979,0,42,42,42,1192,14.667
980,0,43,43,43,1217.333,4
981,0,39,39,39,1224.667,12
982,0,19,19,19,1244,28
983,0,24,24,24,1255.333,20.667
984,0,42,42,42,1276,17.333
985,0,40,40,40,1288.667,6.667
986,0,28,28,28,1305.333,14.667
987,0,46,46,46,1321.333,11.333
988,0,41,41,41,1339.333,1.333
989,0,40,40,40,1337.333,20.667
990,0,33,33,33,1350.667,114
991,0,18,18,18,1198.667,71.333
992,0,30,30,30,1045.333,116.667
993,0,23,23,23,1138,62.667
994,0,33,33,33,960,79.333
995,0,23,23,23,737.333,147.333
996,0,32,32,32,976.667,162.667
997,0,35,35,35,1241.333,58.667
998,0,26,26,26,1252,46
999,0,28,28,28,1234,71.333
1000,0,23,23,23,1260.667,345.333
1001,0,26,26,26,1267.333,482
1002,0,26,26,26,1256,468.667
1003,0,25,25,25,1267.333,448.667
1004,0,22,22,22,792.667,247.333
1005,0,20,20,20,840,242
1006,0,26,26,26,1296.667,183.333
1007,0,22,22,22,840,458.667
1008,0,27,27,27,880,540
1009,0,41,41,41,877.333,550.667
1010,0,43,43,43,1028.5,560
1011,0,38,38,38,1001,555
1012,0,48,48,48,994.5,555.5
1013,0,28,28,28,973.5,549
1014,0,33,33,33,954,547
1015,0,25,25,25,953,553
1016,0,41,41,41,911,540.5
1017,0,33,33,33,814.5,545
1018,0,24,24,24,817.5,535
1019,0,25,25,25,962.5,584.5
1020,0,47,47,47,984.5,589
1021,0,28,28,28,986.5,565.5
1022,0,22,22,22,989,578
1023,0,37,37,37,985.5,604
1024,0,35,35,35,1008,589
1025,0,33,33,33,1005.5,576
1026,0,37,37,37,1012.5,566.5
1027,0,26,26,26,1035.5,578
1028,0,37,37,37,1051,570.5
1029,0,33,33,33,1053,561.5
1030,0,39,39,39,1064.5,580.5
1031,0,54,54,54,1080.5,579
1032,0,36,36,36,1101.5,573
1033,0,26,26,26,1108,580.5
1034,0,31,31,31,1107.5,600
1035,0,28,28,28,1088.5,597
1036,0,52,52,52,1085,551.5
1037,0,24,24,24,1076.5,552.5
1038,0,35,35,35,1096,549
1039,0,37,37,37,1090.5,541.5
1040,0,47,47,47,1114,540
1041,0,49,49,49,1107,513
1042,0,40,40,40,1111,509
1043,0,44,44,44,1176,541
1044,0,23,23,23,1207.5,540.5
1045,0,36,36,36,1197.5,552.5
1046,0,37,37,37,1257,550.5
1047,0,23,23,23,1267.5,539
1048,0,26,26,26,1237,566.5
1049,0,42,42,42,1249,588.5
1050,0,27,27,27,1228.5,588
1051,0,42,42,42,1210,593.5
1052,0,41,41,41,1200,587
1053,0,31,31,31,1174,589.5
1054,0,28,28,28,1175.5,573.5
1055,0,32,32,32,1126.5,562.5
1056,0,30,30,30,1139,586.5
1057,0,31,31,31,1153.5,597
1058,0,46,46,46,1137,607.5
1059,0,21,21,21,1134,623
1060,0,29,29,29,1138,632
1061,0,22,22,22,1160,633.5
1062,0,35,35,35,1102.5,627
1063,0,25,25,25,1098,620.5
1064,0,50,50,50,880.5,587
1065,0,26,26,26,875.5,576
1066,0,20,20,20,866.5,561.5
1067,0,22,22,22,863,545
1068,0,28,28,28,834.5,547.5
1069,0,40,40,40,833.5,587
1070,0,27,27,27,806.5,572
1071,0,22,22,22,820.5,591.5
1072,0,45,45,45,853,590
1073,0,39,39,39,845,596
1074,0,25,25,25,843,605.5
1075,0,29,29,29,838.5,615.5
1076,0,40,40,40,858,614.5
1077,0,31,31,31,858.5,630
1078,0,26,26,26,857,642.5
1079,0,37,37,37,895.5,655
1080,0,41,41,41,913,624
1081,0,41,41,41,902,604
1082,0,36,36,36,885,607.5
1083,0,41,41,41,923,595.5
1084,0,36,36,36,915,590.5
1085,0,29,29,29,932.5,590.5
1086,0,56,56,56,941.5,605.5
1087,0,35,35,35,947,618.5
1088,0,30,30,30,944,629
1089,0,37,37,37,967.5,635.5
1090,0,36,36,36,986,632
1091,0,21,21,21,922,581
1092,0,23,23,23,903.5,578
1093,0,20,20,20,971.5,572.5
1094,0,28,28,28,986.5,652
1095,0,26,26,26,928.5,649.5
1096,0,36,36,36,912,646
1097,0,36,36,36,908,641
1098,0,34,34,34,877,632
1099,0,36,36,36,885,640
1100,0,40,40,40,1008.5,633.5
1101,0,39,39,39,1015,630
1102,0,35,35,35,1019,613
1103,0,31,31,31,1024.5,622
1104,0,24,24,24,1036,616.5
1105,0,36,36,36,1065,624.5
1106,0,43,43,43,1082,649
1107,0,38,38,38,1053.5,636
1108,0,28,28,28,1051,643
1109,0,28,28,28,1059.5,651
1110,0,37,37,37,1102,654
1111,0,46,46,46,1109.5,662.5
1112,0,31,31,31,1097,669
1113,0,30,30,30,1061,670.5
1114,0,31,31,31,1037,671.5
1115,0,40,40,40,1021.5,677
1116,0,40,40,40,1012.5,679.5
1117,0,55,55,55,997,677
1118,0,39,39,39,986.5,669.5
1119,0,32,32,32,979,673
1120,0,30,30,30,955,672.5
1121,0,49,49,49,961,682
1122,0,24,24,24,943,682.5
1123,0,25,25,25,946,696
1124,0,24,24,24,967,708
1125,0,33,33,33,1221,625
1126,0,32,32,32,1233,623
1127,0,46,46,46,1264.5,610
1128,0,36,36,36,1277,627.5
1129,0,41,41,41,1288.5,636.5
1130,0,18,18,18,1288.5,619
1131,0,26,26,26,1302.5,613
1132,0,38,38,38,1227.5,633.5
1133,0,24,24,24,1187,615
1134,0,37,37,37,1126,674.5
1135,0,26,26,26,1118,648.5
1136,0,25,25,25,1121.5,632.5
1137,0,29,29,29,1153,672
1138,0,23,23,23,1142.5,659.5
1139,0,22,22,22,1161,651.5
1140,0,38,38,38,1188.5,678
1141,0,23,23,23,1188.5,685.5
1142,0,39,39,39,1174.5,699
1143,0,29,29,29,1156.5,698
1144,0,44,44,44,1094.5,687.5
1145,0,38,38,38,1090.5,681
1146,0,30,30,30,1082,691.5
1147,0,63,63,63,1112.5,688.5
1148,0,44,44,44,1136,711.5
1149,0,51,51,51,1138,721
1150,0,43,43,43,1154,725
1151,0,44,44,44,1162.5,731
1152,0,37,37,37,1178,738.5
1153,0,42,42,42,1207.5,727.5
1154,0,28,28,28,1206.5,705.5
1155,0,35,35,35,1249,724
1156,0,31,31,31,1235.5,683.5
1157,0,46,46,46,1235,672.5
1158,0,46,46,46,1206,669.5
1159,0,43,43,43,1207,660
1160,0,22,22,22,1194,660
1161,0,33,33,33,1219,647
1162,0,24,24,24,1202.5,634
1163,0,26,26,26,1194,629.5
1164,0,49,49,49,1247.5,666
1165,0,33,33,33,1258,667
1166,0,22,22,22,1264.5,663
1167,0,19,19,19,1278.5,673
1168,0,27,27,27,1265.5,682
1169,0,45,45,45,1289.5,692.5
1170,0,43,43,43,1297,698.5
1171,0,48,48,48,1297.5,691
1172,0,38,38,38,1305.5,677
1173,0,25,25,25,1250.5,598.5
1174,0,32,32,32,1260.5,717.5
1175,0,26,26,26,1286.5,734.5
1176,0,16,16,16,1281.5,757.5
1177,0,20,20,20,1275,766
1178,0,23,23,23,1255,768.5
1179,0,45,45,45,1217,755.5
1180,0,38,38,38,1206.5,736
1181,0,22,22,22,1193,770.5
1182,0,22,22,22,1186.5,773.5
1183,0,27,27,27,1169.5,771
1184,0,21,21,21,1127.5,754
1185,0,31,31,31,1129.5,773.5
1186,0,37,37,37,1108,752.5
1187,0,57,57,57,1087,738
1188,0,23,23,23,1101,740.5
1189,0,39,39,39,1079,727.5
1190,0,24,24,24,1088,724
1191,0,42,42,42,1089.5,712
1192,0,39,39,39,1062,710
1193,0,19,19,19,1066.5,738
1194,0,36,36,36,1053.5,740.5
1195,0,34,34,34,1048.5,729
1196,0,45,45,45,1034,721
1197,0,28,28,28,1055,703
1198,0,21,21,21,1044.5,695
1199,0,25,25,25,1033.5,704
1200,0,46,46,46,1028.5,751
1201,0,23,23,23,1036.5,763
1202,0,21,21,21,1050,765
1203,0,43,43,43,1095,772.5
1204,0,32,32,32,1086,760.5
1205,0,21,21,21,1122.5,709
1206,0,30,30,30,1097.5,702.5
1207,0,21,21,21,892.5,735.5
1208,0,20,20,20,878,732
1209,0,29,29,29,863.5,737.5
1210,0,66,66,66,817,742
1211,0,42,42,42,815,752.5
1212,0,40,40,40,821.5,764
1213,0,26,26,26,817,775
1214,0,34,34,34,838.5,761.5
1215,0,45,45,45,910,774.5
1216,0,32,32,32,913.5,752
1217,0,35,35,35,902.5,747.5
1218,0,23,23,23,914.5,738.5
1219,0,39,39,39,917.5,727.5
1220,0,28,28,28,944.5,745.5
1221,0,24,24,24,953,759.5
1222,0,39,39,39,817,640.5
1223,0,35,35,35,829.5,651
1224,0,36,36,36,819.5,671
1225,0,41,41,41,807,677.5
1226,0,25,25,25,815,681
1227,0,48,48,48,819.5,705
1228,0,25,25,25,847.5,685.5
1229,0,23,23,23,847.5,704
1230,0,42,42,42,861.5,700
1231,0,31,31,31,870,694
1232,0,21,21,21,847,721
1233,0,37,37,37,842,738
1234,0,23,23,23,858.5,731
1235,0,39,39,39,853.5,656
1236,0,57,57,57,859,663.5
1237,0,33,33,33,865,670
1238,0,27,27,27,876.5,676.5
1239,0,36,36,36,885.5,682
1240,0,44,44,44,897.5,685
1241,0,38,38,38,906,695.5
1242,0,25,25,25,915,705
1243,0,43,43,43,888,695
1244,0,34,34,34,888,701
1245,0,36,36,36,888,707
1246,0,29,29,29,903.5,671
1247,0,20,20,20,837,579
1248,0,31,31,31,997,715
1249,0,19,19,19,998,703
1250,0,30,30,30,1006.5,700
1251,0,30,30,30,1012,711
1252,0,27,27,27,1013,718.5
1253,0,35,35,35,1004.5,725
1254,0,21,21,21,1000,731
1255,0,57,57,57,995.5,736
1256,0,47,47,47,984.5,743
1257,0,40,40,40,978,744
1258,0,41,41,41,978,733
1259,0,28,28,28,968,735.5
1260,0,50,50,50,999.5,764
1261,0,35,35,35,990,756.5
1262,0,19,19,19,976.5,758
1263,0,22,22,22,992.5,768
1264,0,26,26,26,992,774.5
1265,0,25,25,25,1182,726.5
1266,0,23,23,23,1227,705
1267,0,23,23,23,1242,706
1268,0,15,15,15,1328,563.5
1269,0,19,19,19,1319.5,565
1270,0,24,24,24,1340.5,583.5
1271,0,8,8,8,1296.5,583.5
1272,0,44,44,44,1334,614.5
1273,0,18,18,18,1351,608
1274,0,15,15,15,1340.5,600.5
1275,0,16,16,16,1351.5,598.5
1276,0,22,22,22,1330,637.5
1277,0,32,32,32,1317,641.5
1278,0,18,18,18,1337,644.5
1279,0,27,27,27,1330.5,668
1280,0,52,52,52,1342,692
1281,0,22,22,22,1353.5,645.5
1282,0,38,38,38,1319,701.5
1283,0,30,30,30,1320.5,710.5
1284,0,32,32,32,1334,715
1285,0,42,42,42,1326.5,732
1286,0,30,30,30,1349.5,744
1287,0,33,33,33,1345,738
1288,0,34,34,34,1311.5,746
1289,0,47,47,47,1290.5,783
1290,0,47,47,47,1311.5,801
1291,0,28,28,28,1247,790.5
1292,0,24,24,24,1261.5,786.5
1293,0,21,21,21,1231.5,776.5
1294,0,40,40,40,1168,798.5
1295,0,49,49,49,1161.5,789
1296,0,54,54,54,1120,786.5
1297,0,33,33,33,1116.5,801
1298,0,47,47,47,1098.5,799.5
1299,0,34,34,34,1105,806.5
1300,0,44,44,44,1094.5,808.5
1301,0,26,26,26,1079,788.5
1302,0,39,39,39,1066,783
1303,0,31,31,31,1057,793
1304,0,47,47,47,1027.5,790.5
1305,0,18,18,18,1011.5,793
1306,0,33,33,33,1010,808.5
1307,0,32,32,32,1001,806.5
1308,0,29,29,29,955,778
1309,0,35,35,35,947.5,784.5
1310,0,42,42,42,935.5,791.5
1311,0,24,24,24,972,802.5
1312,0,33,33,33,959,807.5
1313,0,39,39,39,949,808.5
1314,0,26,26,26,1333.5,552
1315,0,42,42,42,871.5,770
1316,0,48,48,48,860,771
1317,0,39,39,39,863.5,764
1318,0,32,32,32,902.5,781
1319,0,31,31,31,866.5,791
1320,0,26,26,26,891,799.5
1321,0,27,27,27,860.5,798.5
1322,0,46,46,46,854,806
1323,0,38,38,38,1286.5,828
1324,0,34,34,34,1283.5,836
1325,0,22,22,22,1313,840.5
1326,0,21,21,21,1330.5,862
1327,0,49,49,49,1232.5,815
1328,0,24,24,24,1221.5,814.5
1329,0,15,15,15,1247,821
1330,0,31,31,31,1208,825
1331,0,22,22,22,1238.5,837.5
1332,0,21,21,21,1244,860
1333,0,53,53,53,1239,884.5
1334,0,15,15,15,1298.5,861
1335,0,40,40,40,1192,815
1336,0,20,20,20,1151.5,815.5
1337,0,25,25,25,1144,808.5
1338,0,33,33,33,445.333,418.333
1339,0,36,36,36,436.333,425.667
1340,0,60,60,60,417.333,405
1341,0,34,34,34,418,397.667
1342,0,58,58,58,399,397.333
1343,0,35,35,35,432.333,382.667
1344,0,34,34,34,393.667,379
1345,0,47,47,47,411.667,426
1346,0,39,39,39,411,437.333
1347,0,59,59,59,437.333,468.333
1348,0,35,35,35,411,454
1349,0,47,47,47,389.667,446.667
1350,0,32,32,32,382.667,462.667
1351,0,38,38,38,394.667,467.333
1352,0,58,58,58,406.667,477
1353,0,38,38,38,415.333,487.333
1354,0,43,43,43,384.333,423
1355,0,55,55,55,373.667,406
1356,0,49,49,49,370.667,396.667
1357,0,33,33,33,349.333,393.667
1358,0,31,31,31,364.667,415
1359,0,36,36,36,365.333,421
1360,0,41,41,41,366.333,431.667
1361,0,64,64,64,354.333,424.667
1362,0,68,68,68,340.667,419
1363,0,29,29,29,321.333,404.667
1364,0,48,48,48,314.333,399.667
1365,0,47,47,47,322.333,427.333
1366,0,45,45,45,329,445.333
1367,0,35,35,35,349.333,443.333
1368,0,27,27,27,342,462.667
1369,0,47,47,47,347.667,479.333
1370,0,42,42,42,329.667,465
1371,0,29,29,29,344,490.667
1372,0,31,31,31,314.333,456
1373,0,34,34,34,310,462
1374,0,43,43,43,297.667,451.667
1375,0,66,66,66,294.333,439.667
1376,0,30,30,30,305.333,474.667
1377,0,38,38,38,316.333,489
1378,0,47,47,47,322,505.667
1379,0,19,19,19,303,491.333
1380,0,34,34,34,297.333,505.333
1381,0,24,24,24,306.333,515
1382,0,79,79,79,292.333,527
1383,0,45,45,45,287.667,542
1384,0,63,63,63,303.333,551
1385,0,56,56,56,303,560
1386,0,34,34,34,311,539
1387,0,24,24,24,318.667,535
1388,0,48,48,48,352.667,536
1389,0,34,34,34,345,528
1390,0,18,18,18,356.333,522.667
1391,0,22,22,22,363.667,541.333
1392,0,50,50,50,349,570.667
1393,0,40,40,40,334.333,573
1394,0,31,31,31,377.667,555.333
1395,0,37,37,37,389.667,554.667
1396,0,30,30,30,405.333,533.333
1397,0,38,38,38,411.333,532
1398,0,41,41,41,414.333,527.667
1399,0,45,45,45,417,514
1400,0,43,43,43,417.333,541.333
1401,0,27,27,27,401.667,496.333
1402,0,57,57,57,471,561.333
1403,0,47,47,47,422.333,553.667
1404,0,42,42,42,411,553.667
1405,0,48,48,48,406.667,558.667
1406,0,26,26,26,425.333,578.333
1407,0,28,28,28,438.333,593.333
1408,0,27,27,27,450.333,599.333
1409,0,45,45,45,455.667,620.333
1410,0,24,24,24,479.333,615.667
1411,0,25,25,25,469.667,587.667
1412,0,40,40,40,456,550
1413,0,23,23,23,473,543
1414,0,21,21,21,462.667,540.333
1415,0,24,24,24,451,523.667
1416,0,36,36,36,470.333,516
1417,0,41,41,41,437,499.333
1418,0,24,24,24,479,412.667
1419,0,51,51,51,402.667,625.667
1420,0,25,25,25,428,624.667
1421,0,28,28,28,436,608
1422,0,69,69,69,398.667,611
1423,0,79,79,79,395,604.667
1424,0,48,48,48,389,598
1425,0,38,38,38,380.667,595.667
1426,0,37,37,37,396.667,582
1427,0,31,31,31,381.667,566.667
1428,0,40,40,40,359.333,596.667
1429,0,40,40,40,359.667,613
1430,0,59,59,59,370.667,613
1431,0,58,58,58,376.333,617
1432,0,32,32,32,391,617
1433,0,38,38,38,345.667,603.333
1434,0,48,48,48,340,586.667
1435,0,48,48,48,328.333,587
1436,0,29,29,29,319,610
1437,0,35,35,35,300.667,599.333
1438,0,46,46,46,280.333,606.333
1439,0,44,44,44,269,624.333
1440,0,55,55,55,265,617.667
1441,0,45,45,45,259.667,607
1442,0,55,55,55,257.333,590.667
1443,0,49,49,49,253.333,587.333
1444,0,40,40,40,242.333,583
1445,0,66,66,66,227.667,559.667
1446,0,45,45,45,204,564.333
1447,0,40,40,40,205,573.333
1448,0,43,43,43,208.333,592.667
1449,0,49,49,49,214.667,597.333
1450,0,39,39,39,215,603.667
1451,0,53,53,53,208.667,621.667
1452,0,29,29,29,235.667,590.667
1453,0,32,32,32,213.667,545.667
1454,0,28,28,28,207.333,540.667
1455,0,39,39,39,218.333,535
1456,0,36,36,36,223.667,540.333
1457,0,36,36,36,183.333,520.333
1458,0,27,27,27,173.667,529.333
1459,0,32,32,32,195,531.333
1460,0,36,36,36,182,549.667
1461,0,38,38,38,191.667,551.667
1462,0,38,38,38,172,567.333
1463,0,77,77,77,150.667,564.333
1464,0,59,59,59,149.333,590
1465,0,71,71,71,147,596
1466,0,50,50,50,161.667,593.333
1467,0,62,62,62,160.333,617.667
1468,0,57,57,57,164.667,607.667
1469,0,67,67,67,148.667,626.333
1470,0,29,29,29,210,486.333
1471,0,71,71,71,223.667,439
1472,0,34,34,34,215,430
1473,0,33,33,33,228,423
1474,0,45,45,45,260,401
1475,0,38,38,38,250,407
1476,0,31,31,31,229,614.333
1477,0,58,58,58,268.667,566.667
1478,0,27,27,27,270.667,558.333
1479,0,30,30,30,267.333,551
1480,0,52,52,52,245,534.667
1481,0,50,50,50,235.667,476.333
1482,0,40,40,40,242.667,474.333
1483,0,50,50,50,259.667,474.333
1484,0,55,55,55,262.667,488.333
1485,0,38,38,38,281.333,474
1486,0,25,25,25,246.333,453.333
1487,0,42,42,42,259.333,436
1488,0,32,32,32,250,426
1489,0,48,48,48,173.333,465
1490,0,41,41,41,173.333,459
1491,0,38,38,38,164,450.333
1492,0,46,46,46,171.333,444
1493,0,48,48,48,188.333,430.333
1494,0,59,59,59,193.333,438.333
1495,0,30,30,30,188.333,448.667
1496,0,41,41,41,202.667,458.333
1497,0,35,35,35,158.333,437.667
1498,0,56,56,56,183.333,419.333
1499,0,42,42,42,209.667,404.667
1500,0,21,21,21,362.667,464.667
1501,0,45,45,45,267.667,381.333
1502,0,40,40,40,271.333,375.333
1503,0,69,69,69,246,374.667
1504,0,41,41,41,217.333,391.667
1505,0,39,39,39,191.667,405.667
1506,0,23,23,23,173,413.333
1507,0,30,30,30,164.333,404.667
1508,0,38,38,38,172,392
1509,0,35,35,35,148.667,408.667
1510,0,30,30,30,146.667,434.333
1511,0,23,23,23,157.667,479
1512,0,34,34,34,214.333,520.667
1513,0,51,51,51,237,514
1514,0,51,51,51,233.667,505
1515,0,30,30,30,276.333,517.333
1516,0,31,31,31,293.333,586.333
1517,0,45,45,45,280.333,586
1518,0,27,27,27,310,586
1519,0,25,25,25,322.667,559.333
1520,0,30,30,30,380,586
1521,0,27,27,27,272.333,396
1522,0,38,38,38,240,401.667
1523,0,41,41,41,375.667,374
1524,0,39,39,39,279.333,419
1525,0,31,31,31,300,420
1526,0,40,40,40,507.5,533.5
1527,0,39,39,39,499,526.5
1528,0,52,52,52,548,538
1529,0,32,32,32,573,548
1530,0,40,40,40,541,560.5
1531,0,27,27,27,556,560.5
1532,0,36,36,36,564.5,574.5
1533,0,42,42,42,570,566
1534,0,42,42,42,574,560.5
1535,0,27,27,27,583.5,559.5
1536,0,39,39,39,599.5,574
1537,0,32,32,32,667,558
1538,0,29,29,29,666.5,575.5
1539,0,38,38,38,677.5,566.5
1540,0,22,22,22,645,528.5
1541,0,24,24,24,659.5,525
1542,0,34,34,34,510,557.5
1543,0,40,40,40,493.5,579
1544,0,29,29,29,482.5,573.5
1545,0,25,25,25,509.5,586
1546,0,31,31,31,524.5,578.5
1547,0,36,36,36,547.5,583
1548,0,26,26,26,535,586.5
1549,0,39,39,39,547,602.5
1550,0,52,52,52,546.5,617
1551,0,53,53,53,540,623
1552,0,56,56,56,490,600.5
1553,0,53,53,53,497,607.5
1554,0,24,24,24,499,594.5
1555,0,52,52,52,516.5,633
1556,0,41,41,41,502,619.5
1557,0,33,33,33,489.5,627.5
1558,0,47,47,47,498,638.5
1559,0,34,34,34,535,659
1560,0,42,42,42,521.5,658
1561,0,40,40,40,580.5,605.5
1562,0,42,42,42,597,625.5
1563,0,34,34,34,606,610
1564,0,35,35,35,616,622.5
1565,0,49,49,49,621,595
1566,0,46,46,46,632.5,611
1567,0,44,44,44,645.5,619
1568,0,49,49,49,649,615
1569,0,38,38,38,656,613.5
1570,0,37,37,37,671,610
1571,0,24,24,24,665,603.5
1572,0,23,23,23,657,637.5
1573,0,37,37,37,670,644.5
1574,0,33,33,33,660,654
1575,0,32,32,32,674,657.5
1576,0,49,49,49,661,664.5
1577,0,48,48,48,641.5,646
1578,0,34,34,34,612.5,652
1579,0,47,47,47,613,668.5
1580,0,38,38,38,613.5,678.5
1581,0,41,41,41,594,667.5
1582,0,51,51,51,592,678
1583,0,45,45,45,579,678
1584,0,35,35,35,589,684
1585,0,38,38,38,564.5,665.5
1586,0,24,24,24,535.5,646
1587,0,27,27,27,551.5,684
1588,0,35,35,35,511,685
1589,0,30,30,30,487.5,672
1590,0,20,20,20,501,656.5
1591,0,52,52,52,450.5,653.5
1592,0,55,55,55,460.5,678.5
1593,0,60,60,60,473,678.5
1594,0,32,32,32,438.5,639
1595,0,32,32,32,427,647.5
1596,0,51,51,51,411,641.5
1597,0,35,35,35,411,650.5
1598,0,24,24,24,401.5,651
1599,0,27,27,27,419.5,661.5
1600,0,99,99,99,388,661
1601,0,64,64,64,404.5,682
1602,0,32,32,32,390,680.5
1603,0,35,35,35,379,682.5
1604,0,24,24,24,361,673
1605,0,37,37,37,369.5,655
1606,0,23,23,23,368,639.5
1607,0,18,18,18,361,630
1608,0,25,25,25,391,635
1609,0,24,24,24,342.5,630.5
1610,0,22,22,22,331.5,631
1611,0,37,37,37,321.5,643
1612,0,45,45,45,326,651
1613,0,53,53,53,319.5,656
1614,0,47,47,47,297,649.5
1615,0,49,49,49,299,641.5
1616,0,74,74,74,284,640.5
1617,0,26,26,26,232.5,636.5
1618,0,32,32,32,242.5,624
1619,0,35,35,35,249.5,620
1620,0,22,22,22,248.5,608.5
1621,0,54,54,54,235.5,650.5
1622,0,56,56,56,231.5,662.5
1623,0,55,55,55,198,649
1624,0,70,70,70,185,646
1625,0,78,78,78,176.5,651.5
1626,0,93,93,93,182,661
1627,0,55,55,55,184,670
1628,0,50,50,50,180,630.5
1629,0,62,62,62,211,678
1630,0,38,38,38,211,667.5
1631,0,54,54,54,197.5,682.5
1632,0,69,69,69,179.5,682
1633,0,60,60,60,282,673
1634,0,59,59,59,293.5,673.5
1635,0,59,59,59,302.5,681
1636,0,48,48,48,324.5,679.5
1637,0,41,41,41,332,667
1638,0,34,34,34,336,686
1639,0,40,40,40,343,675.5
1640,0,38,38,38,358.5,662.5
1641,0,25,25,25,471,659.5
1642,0,30,30,30,476.5,648
1643,0,25,25,25,630.5,587.5
1644,0,86,86,86,247.5,365.5
1645,0,71,71,71,267.5,354.5
1646,0,52,52,52,282.5,363.5
1647,0,30,30,30,295.5,365.5
1648,0,46,46,46,335,360.5
1649,0,86,86,86,335,350.5
1650,0,46,46,46,342.5,352
1651,0,38,38,38,341.5,344.5
1652,0,37,37,37,326,332
1653,0,47,47,47,346,317.5
1654,0,41,41,41,353.5,322
1655,0,53,53,53,383,350
1656,0,42,42,42,389.5,351.5
1657,0,41,41,41,363.5,358.5
1658,0,55,55,55,373.5,366
1659,0,36,36,36,354,337.5
1660,0,46,46,46,423.5,327.5
1661,0,32,32,32,435,334
1662,0,31,31,31,424.5,340.5
1663,0,42,42,42,432.5,351
1664,0,35,35,35,443.5,355
1665,0,34,34,34,425,359
1666,0,30,30,30,425,369.5
1667,0,44,44,44,446.5,306
1668,0,20,20,20,407,351.5
1669,0,21,21,21,398,342.5
1670,0,23,23,23,406,365.5
1671,0,22,22,22,395,325.5
1672,0,31,31,31,424,304.5
1673,0,22,22,22,401.5,304.5
1674,0,32,32,32,377.5,305.5
1675,0,51,51,51,362.5,314.5
1676,0,24,24,24,349.5,311
1677,0,37,37,37,318,306
1678,0,48,48,48,306,310.5
1679,0,23,23,23,296,334
1680,0,46,46,46,284.5,339.5
1681,0,30,30,30,274.5,329.5
1682,0,44,44,44,255.5,335.5
1683,0,32,32,32,271,309.5
1684,0,32,32,32,263.5,326
1685,0,24,24,24,240.5,340
1686,0,36,36,36,230,334.5
1687,0,44,44,44,212.5,345
1688,0,29,29,29,215.5,351.5
1689,0,35,35,35,221,368
1690,0,36,36,36,188,370.5
1691,0,25,25,25,177.5,371.5
1692,0,52,52,52,192,344
1693,0,44,44,44,192,335.5
1694,0,50,50,50,191.5,339.5
1695,0,64,64,64,182,334
1696,0,35,35,35,211.5,306.5
1697,0,17,17,17,200,305
1698,0,37,37,37,690,550
1699,0,23,23,23,705,545
1700,0,18,18,18,710,563
1701,0,44,44,44,766.333,585.667
1702,0,44,44,44,748.333,563.667
1703,0,40,40,40,771.667,554.333
1704,0,14,14,14,795,545.667
1705,0,35,35,35,801,625
1706,0,27,27,27,721,582.333
1707,0,34,34,34,706.333,586.333
1708,0,37,37,37,684.333,587.667
1709,0,26,26,26,725.667,605
1710,0,36,36,36,708.333,611.667
1711,0,26,26,26,696.333,604.333
1712,0,17,17,17,743,600.333
1713,0,34,34,34,756.333,600.333
1714,0,28,28,28,749,611
1715,0,42,42,42,738.333,626.333
1716,0,46,46,46,704.333,631.667
1717,0,33,33,33,747,643.667
1718,0,29,29,29,763.667,643
1719,0,30,30,30,781,645.667
1720,0,15,15,15,797,665
1721,0,49,49,49,769,682.333
1722,0,29,29,29,758.333,675
1723,0,38,38,38,735.667,671
1724,0,39,39,39,728.333,676.333
1725,0,39,39,39,715.667,684.333
1726,0,49,49,49,745.667,696.333
1727,0,28,28,28,754.333,683
1728,0,28,28,28,792.333,705.667
1729,0,45,45,45,751,720.333
1730,0,55,55,55,719,696.333
1731,0,31,31,31,681,707.667
1732,0,32,32,32,685,720.333
1733,0,39,39,39,679,727.667
1734,0,57,57,57,664.333,733.667
1735,0,43,43,43,715.667,719
1736,0,69,69,69,665.667,756.333
1737,0,44,44,44,651,737.667
1738,0,30,30,30,659.667,713.667
1739,0,26,26,26,645.667,719.667
1740,0,40,40,40,700,708.5
1741,0,33,33,33,704,725.5
1742,0,27,27,27,701.5,695
1743,0,22,22,22,678,691.5
1744,0,24,24,24,646,692.5
1745,0,31,31,31,641.5,703
1746,0,48,48,48,629.5,687.5
1747,0,22,22,22,634.5,714.5
1748,0,27,27,27,614.5,706
1749,0,62,62,62,605.5,699
1750,0,22,22,22,618,720
1751,0,43,43,43,596.5,728
1752,0,43,43,43,623,738
1753,0,48,48,48,602.5,746.5
1754,0,55,55,55,651.5,770
1755,0,33,33,33,628.5,776
1756,0,33,33,33,645,784.5
1757,0,39,39,39,645,793.5
1758,0,20,20,20,631.5,793.5
1759,0,44,44,44,663,785.5
1760,0,54,54,54,645,809
1761,0,32,32,32,629.5,804.5
1762,0,28,28,28,619,806.5
1763,0,31,31,31,608.5,812
1764,0,44,44,44,605.5,823.5
1765,0,37,37,37,590,814.5
1766,0,28,28,28,589.5,827
1767,0,53,53,53,595.5,839.5
1768,0,40,40,40,583,842.5
1769,0,43,43,43,607.5,850
1770,0,57,57,57,618,851
1771,0,45,45,45,626,857
1772,0,57,57,57,534,729.5
1773,0,40,40,40,538.5,720
1774,0,52,52,52,560.5,724
1775,0,42,42,42,560.5,716
1776,0,40,40,40,572.5,691.5
1777,0,37,37,37,533,704
1778,0,54,54,54,526.5,720.5
1779,0,30,30,30,520,698
1780,0,42,42,42,477.5,691
1781,0,27,27,27,474.5,706.5
1782,0,29,29,29,491.5,739
1783,0,49,49,49,430,707.5
1784,0,60,60,60,418.5,709
1785,0,66,66,66,420,699.5
1786,0,36,36,36,408,703.5
1787,0,43,43,43,393.5,708
1788,0,47,47,47,395,730
1789,0,34,34,34,436,736
1790,0,61,61,61,459,750
1791,0,57,57,57,405,748.5
1792,0,37,37,37,424,752
1793,0,63,63,63,431.5,757.5
1794,0,26,26,26,442,757
1795,0,59,59,59,449,764
1796,0,38,38,38,468,774.5
1797,0,38,38,38,452,779.5
1798,0,66,66,66,428.5,787.5
1799,0,58,58,58,440.5,796
1800,0,43,43,43,447.5,798.5
1801,0,63,63,63,463,803
1802,0,45,45,45,477.5,793.5
1803,0,50,50,50,481.5,811.5
1804,0,15,15,15,459,814.5
1805,0,35,35,35,442,834
1806,0,48,48,48,414.5,826.5
1807,0,27,27,27,408.5,818
1808,0,25,25,25,396,814
1809,0,40,40,40,464,852
1810,0,36,36,36,476.5,829.5
1811,0,61,61,61,509,839
1812,0,30,30,30,512,849.5
1813,0,59,59,59,506.5,821
1814,0,27,27,27,516,814
1815,0,48,48,48,522.5,826
1816,0,47,47,47,533.5,831.5
1817,0,33,33,33,534,846.5
1818,0,73,73,73,543.5,815.5
1819,0,61,61,61,530,810
1820,0,43,43,43,535.5,796.5
1821,0,31,31,31,532.5,786
1822,0,49,49,49,498,789.5
1823,0,38,38,38,511,778
1824,0,31,31,31,489.5,771.5
1825,0,24,24,24,489.5,758.5
1826,0,51,51,51,753.667,770
1827,0,38,38,38,743,756
1828,0,48,48,48,746.333,784
1829,0,38,38,38,749,796.667
1830,0,30,30,30,722.333,777.333
1831,0,22,22,22,706.333,790.667
1832,0,39,39,39,697,784.667
1833,0,28,28,28,684.333,784.667
1834,0,42,42,42,674.333,766.667
1835,0,37,37,37,700.333,747.333
1836,0,23,23,23,500.333,866
1837,0,31,31,31,512.333,884.667
1838,0,35,35,35,509,896
1839,0,51,51,51,522.333,896
1840,0,50,50,50,525.667,880
1841,0,46,46,46,532.333,888
1842,0,27,27,27,533,865.333
1843,0,49,49,49,547,857.333
1844,0,47,47,47,569,868
1845,0,36,36,36,566.333,889.333
1846,0,37,37,37,553,886.667
1847,0,50,50,50,558.333,912.667
1848,0,37,37,37,557.667,940
1849,0,61,61,61,587.667,970
1850,0,45,45,45,606.333,954.667
1851,0,32,32,32,590.333,942.667
1852,0,71,71,71,608.333,937.333
1853,0,46,46,46,610.333,924.667
1854,0,26,26,26,602.333,920
1855,0,19,19,19,585,914
1856,0,30,30,30,589,904.667
1857,0,41,41,41,624.333,892
1858,0,55,55,55,629,907.333
1859,0,32,32,32,629.667,917.333
1860,0,55,55,55,643.667,918.667
1861,0,45,45,45,661,906.667
1862,0,27,27,27,649,902
1863,0,37,37,37,651.667,884
1864,0,42,42,42,650.333,862.667
1865,0,42,42,42,597.667,881.333
1866,0,57,57,57,619.667,983.333
1867,0,75,75,75,626.333,1010.667
1868,0,38,38,38,644.333,1009.333
1869,0,46,46,46,640.333,943.333
1870,0,43,43,43,653.667,942.667
1871,0,29,29,29,699,930.667
1872,0,17,17,17,686.333,946
1873,0,26,26,26,678.333,964
1874,0,25,25,25,692.333,978
1875,0,35,35,35,674.333,993.333
1876,0,29,29,29,695.667,1005.333
1877,0,20,20,20,661,964
1878,0,21,21,21,661,976
1879,0,27,27,27,653.667,977.333
1880,0,18,18,18,639.667,974
1881,0,50,50,50,665.667,1014
1882,0,57,57,57,720.333,1017.333
1883,0,45,45,45,726.333,1004.667
1884,0,44,44,44,721,990.667
1885,0,48,48,48,722.333,978.667
1886,0,53,53,53,751,1007.333
1887,0,54,54,54,771.667,1006
1888,0,20,20,20,786.333,1003.333
1889,0,28,28,28,792.333,988
1890,0,32,32,32,811.667,996
1891,0,31,31,31,835.667,1011.333
1892,0,33,33,33,694.333,888.667
1893,0,42,42,42,705,902
1894,0,47,47,47,674.333,893.333
1895,0,29,29,29,679,863.333
1896,0,48,48,48,691.667,856
1897,0,46,46,46,699.667,854.667
1898,0,51,51,51,708.333,844
1899,0,42,42,42,711.667,830.667
1900,0,37,37,37,703,820
1901,0,21,21,21,689,812
1902,0,31,31,31,678.333,808
1903,0,38,38,38,678.333,818
1904,0,33,33,33,661.667,828
1905,0,21,21,21,675.667,836.667
1906,0,19,19,19,689,841.333
1907,0,37,37,37,669.667,850.667
1908,0,61,61,61,583,758.667
1909,0,38,38,38,545.667,771
1910,0,42,42,42,528,756
1911,0,28,28,28,524.333,739.333
1912,0,27,27,27,536.333,745.667
1913,0,36,36,36,579,800.333
1914,0,43,43,43,558.333,801
1915,0,24,24,24,572.333,788.667
1916,0,40,40,40,596.333,780.333
1917,0,31,31,31,716.5,808.5
1918,0,38,38,38,747,842.5
1919,0,22,22,22,761.5,830.5
1920,0,52,52,52,787,820
1921,0,37,37,37,795,778
1922,0,46,46,46,787,734.5
1923,0,41,41,41,774.5,719.5
1924,0,29,29,29,776.5,734
1925,0,35,35,35,804,800
1926,0,48,48,48,821,801
1927,0,39,39,39,834,803.5
1928,0,18,18,18,845,789
1929,0,43,43,43,788,837.5
1930,0,22,22,22,806,833.5
1931,0,36,36,36,793.5,850.5
1932,0,19,19,19,768.5,857.5
1933,0,47,47,47,795.5,859
1934,0,30,30,30,790.5,869.5
1935,0,39,39,39,798.5,875
1936,0,60,60,60,792.5,882
1937,0,59,59,59,820,870
1938,0,36,36,36,835,865
1939,0,32,32,32,838,876
1940,0,44,44,44,849.5,863
1941,0,43,43,43,861,858
1942,0,43,43,43,862.5,869
1943,0,25,25,25,855.5,830
1944,0,38,38,38,877.5,841
1945,0,27,27,27,870,825
1946,0,38,38,38,882.5,883
1947,0,40,40,40,882,896
1948,0,24,24,24,859,891.5
1949,0,30,30,30,850,903.5
1950,0,39,39,39,865.5,918
1951,0,33,33,33,836,892
1952,0,25,25,25,831.5,901.5
1953,0,38,38,38,817.5,895
1954,0,39,39,39,815.5,907.5
1955,0,37,37,37,800.5,918
1956,0,35,35,35,815,929
1957,0,23,23,23,863,937
1958,0,30,30,30,887.5,952.5
1959,0,58,58,58,787.5,903.5
1960,0,38,38,38,737.5,879
1961,0,41,41,41,745.5,857
1962,0,35,35,35,727.5,865.5
1963,0,22,22,22,725.5,881.5
1964,0,53,53,53,743.5,923
1965,0,33,33,33,752,905
1966,0,25,25,25,762,896
1967,0,41,41,41,769,938
1968,0,37,37,37,756,942.5
1969,0,29,29,29,789,939.5
1970,0,26,26,26,774,953
1971,0,33,33,33,787,952.5
1972,0,26,26,26,735.5,926.5
1973,0,29,29,29,726,941.5
1974,0,29,29,29,713.5,951
1975,0,34,34,34,745,951.5
1976,0,29,29,29,582.5,879.5
1977,0,33,33,33,583.5,872
1978,0,23,23,23,750.5,821.5
1979,0,25,25,25,783.5,757
1980,0,22,22,22,739.5,732.5
1981,0,23,23,23,823,725.5
1982,0,20,20,20,789.5,592
1983,0,31,31,31,779.5,574.5
1984,0,22,22,22,548,670.5
1985,0,44,44,44,404,768.5
1986,0,37,37,37,386.5,759.5
1987,0,32,32,32,672,883.5
1988,0,26,26,26,670,872.5
1989,0,28,28,28,681,912.5
1990,0,50,50,50,659,915.5
1991,0,41,41,41,660.5,924.5
1992,0,21,21,21,680.5,927
1993,0,33,33,33,745,895
1994,0,21,21,21,727.5,902.5
1995,0,32,32,32,731,850.5
1996,0,39,39,39,823.5,969
1997,0,43,43,43,835,977.5
1998,0,39,39,39,834,983.5
1999,0,49,49,49,795.5,965.5
2000,0,31,31,31,781.5,971.5
2001,0,36,36,36,773.5,974
2002,0,46,46,46,885.5,972.5
2003,0,37,37,37,884,980.5
2004,0,28,28,28,857,956.5
2005,0,39,39,39,882,952.5
2006,0,33,33,33,857,1010
2007,0,40,40,40,898.5,1003.5
2008,0,29,29,29,894.5,989.5
2009,0,38,38,38,922.5,1005
2010,0,35,35,35,934.5,983.5
2011,0,57,57,57,937,968.5
2012,0,51,51,51,925,970
2013,0,67,67,67,918,967.5
2014,0,30,30,30,927,955
2015,0,38,38,38,903.5,929.5
2016,0,33,33,33,923,920.5
2017,0,29,29,29,910,905
2018,0,35,35,35,921,898
2019,0,35,35,35,932,896.5
2020,0,26,26,26,954,909.5
2021,0,22,22,22,966.5,913
2022,0,42,42,42,921,880
2023,0,33,33,33,919,872
2024,0,30,30,30,901.5,856
2025,0,45,45,45,892,852
2026,0,47,47,47,890,841
2027,0,48,48,48,891,833
2028,0,25,25,25,893.5,811
2029,0,38,38,38,905,811
2030,0,43,43,43,932.5,825
2031,0,25,25,25,941,820
2032,0,47,47,47,972,817.5
2033,0,12,12,12,969,829.5
2034,0,29,29,29,958,836.5
2035,0,39,39,39,969,870
2036,0,34,34,34,941,877
2037,0,40,40,40,952,882.5
2038,0,28,28,28,971,895.5
2039,0,30,30,30,986.5,907
2040,0,35,35,35,996.5,873.5
2041,0,34,34,34,995,884
2042,0,34,34,34,1005,887.5
2043,0,31,31,31,1002.5,894.5
2044,0,31,31,31,1025,909.5
2045,0,49,49,49,1032.5,911.5
2046,0,46,46,46,1042.5,906
2047,0,43,43,43,1040.5,891
2048,0,35,35,35,1060,884
2049,0,12,12,12,1074.5,899.5
2050,0,36,36,36,1042.5,932.5
2051,0,41,41,41,1016,956
2052,0,25,25,25,998,946.5
2053,0,27,27,27,986.5,932.5
2054,0,35,35,35,971.5,937.5
2055,0,27,27,27,961,937
2056,0,35,35,35,991.667,958
2057,0,27,27,27,1009.5,962
2058,0,27,27,27,1032.5,1002.5
2059,0,43,43,43,1038.5,998.5
2060,0,51,51,51,1042.667,1006.667
2061,0,42,42,42,1048.5,1001
2062,0,25,25,25,1006.667,984
2063,0,34,34,34,992.333,1003.667
2064,0,35,35,35,1045,962
2065,0,32,32,32,1049.667,979
2066,0,21,21,21,1041.333,975.667
2067,0,20,20,20,1061,986
2068,0,36,36,36,1081.667,957.333
2069,0,38,38,38,1093.667,979.333
2070,0,38,38,38,1108.333,997.667
2071,0,39,39,39,1112,1016
2072,0,46,46,46,1100.667,1021.333
2073,0,38,38,38,1132.333,1002.667
2074,0,41,41,41,1136,959
2075,0,44,44,44,1148.667,964.333
2076,0,44,44,44,1163.667,960.667
2077,0,51,51,51,1018.333,826.333
2078,0,35,35,35,999,832.333
2079,0,26,26,26,999.667,845.333
2080,0,29,29,29,993.667,852.667
2081,0,28,28,28,1001.667,859.667
2082,0,33,33,33,1010.333,853
2083,0,22,22,22,1041,836
2084,0,30,30,30,1026,817.667
2085,0,27,27,27,1042.333,809.333
2086,0,24,24,24,1050.333,814.667
2087,0,23,23,23,1054,836.667
2088,0,17,17,17,1067,840.667
2089,0,58,58,58,1081.333,841.667
2090,0,71,71,71,1093,844
2091,0,36,36,36,1123.667,876
2092,0,20,20,20,1114.333,861.333
2093,0,30,30,30,1141,879.333
2094,0,51,51,51,1154,870.333
2095,0,48,48,48,1150.667,876.667
2096,0,24,24,24,1126.333,836.667
2097,0,36,36,36,1125.333,822
2098,0,31,31,31,1117,815.667
2099,0,52,52,52,1083.333,920.333
2100,0,42,42,42,1148.667,904
2101,0,36,36,36,1127,929.333
2102,0,26,26,26,1127.333,908
2103,0,29,29,29,1142.667,919.333
2104,0,32,32,32,1151.333,926
2105,0,22,22,22,1156,936
2106,0,23,23,23,1161,923
2107,0,29,29,29,1121,955.667
2108,0,19,19,19,1160.667,986
2109,0,21,21,21,1167.333,1018.667
2110,0,17,17,17,1151,1014.333
2111,0,22,22,22,1136,1015.333
2112,0,25,25,25,1104.333,932.667
2113,0,24,24,24,1118.333,940.333
2114,0,29,29,29,1085,939.667
2115,0,30,30,30,1047,954.667
2116,0,22,22,22,947.667,1009.667
2117,0,41,41,41,940.667,1021.667
2118,0,53,53,53,963.333,1020
2119,0,21,21,21,891.667,873
2120,0,20,20,20,877.333,863
2121,0,21,21,21,859.333,845.333
2122,0,30,30,30,934.333,847.667
2123,0,20,20,20,955.667,866
2124,0,14,14,14,1036.333,863
2125,0,25,25,25,1079.333,876.667
2126,0,28,28,28,1164,850.333
2127,0,37,37,37,1216.5,896.5
2128,0,47,47,47,1239,899.5
2129,0,36,36,36,1187.5,861
2130,0,35,35,35,1195,941
2131,0,24,24,24,1216,955.5
2132,0,42,42,42,1248,960.5
2133,0,37,37,37,1250.5,936.5
2134,0,26,26,26,1255,930
2135,0,21,21,21,1249,918
2136,0,23,23,23,1262,924
2137,0,31,31,31,1298.5,913.5
2138,0,17,17,17,1277,911.5
2139,0,26,26,26,1320.5,918.5
2140,0,31,31,31,1323.5,943.5
2141,0,20,20,20,1298.5,944.5
2142,0,21,21,21,1336,939
2143,0,34,34,34,1352,957.5
2144,0,34,34,34,1330.5,966.5
2145,0,34,34,34,1353.5,997
2146,0,28,28,28,1328,989.5
2147,0,25,25,25,1320.5,1007
2148,0,31,31,31,1307,1007
2149,0,34,34,34,1266,1003
2150,0,31,31,31,1212,1001
2151,0,20,20,20,1202,1000
2152,0,22,22,22,1188,985.5
2153,0,18,18,18,1233.5,974
2154,0,23,23,23,1213,1017.5
2155,0,21,21,21,1290,893
2156,0,24,24,24,1308.5,927.5
2157,0,18,18,18,1352.5,937
2158,0,16,16,16,1284,962.5
2159,0,19,19,19,1274.5,977
2160,0,16,16,16,1216,916.5
2161,0,17,17,17,1202,927.5
2162,0,19,19,19,1167.5,899.5
2163,0,20,20,20,1272.5,816.5
2164,0,26,26,26,863.333,982
2165,0,32,32,32,880.667,1010.667
2166,0,42,42,42,564.667,771.333
2167,0,28,28,28,564,754
2168,0,33,33,33,563.333,740
2169,0,36,36,36,587.333,726
2170,0,26,26,26,618.667,762.667
2171,0,26,26,26,608.667,769.333
2172,0,66,66,66,375.333,727.333
2173,0,62,62,62,378.667,742
2174,0,36,36,36,366.667,732.667
2175,0,50,50,50,352.667,710.667
2176,0,45,45,45,350.667,727.333
2177,0,56,56,56,341.333,750
2178,0,49,49,49,375.333,786
2179,0,57,57,57,384.667,795.333
2180,0,62,62,62,273,688
2181,0,45,45,45,282,713
2182,0,27,27,27,286.5,699.5
2183,0,37,37,37,316.5,697.5
2184,0,38,38,38,328,709
2185,0,25,25,25,305.5,707.5
2186,0,37,37,37,317.5,725
2187,0,61,61,61,328.5,743
2188,0,71,71,71,355.5,796.5
2189,0,58,58,58,353.5,788.5
2190,0,62,62,62,353.5,780
2191,0,55,55,55,357,811
2192,0,86,86,86,363.5,832
2193,0,47,47,47,286,743
2194,0,39,39,39,295,736
2195,0,34,34,34,325,768
2196,0,40,40,40,463.5,868
2197,0,50,50,50,490.5,732
2198,0,23,23,23,446,679
2199,0,76,76,76,548.333,964.667
2200,0,65,65,65,537,968
2201,0,47,47,47,523,948
2202,0,83,83,83,511,948.667
2203,0,106,106,106,505,937.333
2204,0,62,62,62,494.333,930
2205,0,98,98,98,473,906.667
2206,0,42,42,42,467,892.667
2207,0,70,70,70,463.667,904
2208,0,46,46,46,469,920
2209,0,74,74,74,451.667,920.667
2210,0,51,51,51,451.667,907.333
2211,0,93,93,93,444.333,907.333
2212,0,49,49,49,425.667,902
2213,0,40,40,40,441.667,896
2214,0,50,50,50,447.667,888
2215,0,47,47,47,449,870
2216,0,64,64,64,437,864.667
2217,0,37,37,37,419.667,866.667
2218,0,14,14,14,419,880
2219,0,72,72,72,405,873.333
2220,0,44,44,44,401,879.333
2221,0,38,38,38,410.333,890.667
2222,0,106,106,106,399,851.5
2223,0,72,72,72,386.5,858.5
2224,0,47,47,47,409.5,861.5
2225,0,58,58,58,387,879
2226,0,52,52,52,372.5,851.5
2227,0,80,80,80,382.5,844.5
2228,0,38,38,38,356.5,844
2229,0,59,59,59,341.5,826.5
2230,0,61,61,61,336.5,834.5
2231,0,63,63,63,324.5,834.5
2232,0,60,60,60,319.5,839.5
2233,0,64,64,64,320,848.5
2234,0,50,50,50,310,845
2235,0,60,60,60,303,859.5
2236,0,83,83,83,309.5,868
2237,0,53,53,53,300.5,881
2238,0,40,40,40,313,882.5
2239,0,70,70,70,327.5,868.5
2240,0,57,57,57,332.5,880
2241,0,70,70,70,347,876.5
2242,0,72,72,72,354.5,886
2243,0,64,64,64,357.5,893
2244,0,52,52,52,357,871.5
2245,0,69,69,69,344.5,865.5
2246,0,36,36,36,362,861
2247,0,94,94,94,315,800
2248,0,52,52,52,324,818.5
2249,0,52,52,52,308.5,789
2250,0,78,78,78,301,792.5
2251,0,66,66,66,297,781
2252,0,83,83,83,287,779
2253,0,78,78,78,281,768.5
2254,0,93,93,93,274.5,758.5
2255,0,91,91,91,255,736.5
2256,0,64,64,64,246.5,718
2257,0,88,88,88,280.667,840.667
2258,0,92,92,92,265.333,863.333
2259,0,46,46,46,282.667,862.667
2260,0,64,64,64,290.667,868
2261,0,97,97,97,210,873.333
2262,0,86,86,86,190.667,899.333
2263,0,89,89,89,222.667,906.667
2264,0,79,79,79,222.667,915.333
2265,0,81,81,81,208,912
2266,0,68,68,68,223.333,888
2267,0,65,65,65,206,888
2268,0,65,65,65,239.333,868.667
2269,0,85,85,85,262.667,914
2270,0,28,28,28,261.333,930
2271,0,72,72,72,275.333,941.333
2272,0,28,28,28,252,936
2273,0,26,26,26,263.333,958.667
2274,0,48,48,48,249.333,962.667
2275,0,55,55,55,234.667,980
2276,0,53,53,53,214,982
2277,0,55,55,55,208,1001.333
2278,0,77,77,77,210,966.667
2279,0,69,69,69,223.333,966
2280,0,50,50,50,209,938.5
2281,0,59,59,59,201,935
2282,0,40,40,40,199,928
2283,0,60,60,60,194,935.5
2284,0,59,59,59,191,917.5
2285,0,86,86,86,193.5,887
2286,0,66,66,66,214.5,903
2287,0,48,48,48,182,961
2288,0,55,55,55,196,985
2289,0,67,67,67,206.5,955.5
2290,0,49,49,49,200.5,952.5
2291,0,34,34,34,234,935
2292,0,54,54,54,581.333,992
2293,0,67,67,67,592,1010.667
2294,0,64,64,64,608,1018.667
2295,0,58,58,58,261,295
2296,0,41,41,41,280,299.5
2297,0,28,28,28,287,285
2298,0,43,43,43,251.5,273
2299,0,45,45,45,236.5,261.5
2300,0,47,47,47,243.5,255.5
2301,0,48,48,48,218,274
2302,0,46,46,46,214.5,267
2303,0,33,33,33,197,263
2304,0,62,62,62,226,298.5
2305,0,49,49,49,195,290
2306,0,36,36,36,180.5,289.5
2307,0,20,20,20,139.5,281
2308,0,35,35,35,143.5,291
2309,0,26,26,26,123.5,312
2310,0,48,48,48,159,317.5
2311,0,79,79,79,167.5,328.5
2312,0,30,30,30,172,315
2313,0,38,38,38,172.5,337
2314,0,54,54,54,127,330
2315,0,53,53,53,142,378
2316,0,45,45,45,139.5,363.5
2317,0,25,25,25,128,370
2318,0,22,22,22,139.5,392
2319,0,34,34,34,165.5,357.5
2320,0,38,38,38,369.5,297.5
2321,0,47,47,47,379.5,291
2322,0,22,22,22,403,292.5
2323,0,44,44,44,412,282
2324,0,39,39,39,429,289.5
2325,0,28,28,28,427.5,271
2326,0,29,29,29,338,293
2327,0,50,50,50,337,274
2328,0,43,43,43,308,283.5
2329,0,33,33,33,312,258.5
2330,0,34,34,34,317.5,250.5
2331,0,38,38,38,333,248.5
2332,0,40,40,40,260,242
2333,0,33,33,33,261,254.5
2334,0,41,41,41,368,243.5
2335,0,23,23,23,347.5,247
2336,0,34,34,34,387.5,238.5
2337,0,36,36,36,410.5,238
2338,0,33,33,33,404.5,250
2339,0,28,28,28,404.5,260.5
2340,0,22,22,22,395.5,263.5
2341,0,28,28,28,366,264.5
2342,0,27,27,27,447,267
2343,0,36,36,36,449.5,255
2344,0,29,29,29,445,243.5
2345,0,51,51,51,440,238
2346,0,46,46,46,442.5,224.5
2347,0,33,33,33,445,210.5
2348,0,30,30,30,433.5,210.5
2349,0,42,42,42,441,191
2350,0,56,56,56,442,182.5
2351,0,35,35,35,440.5,167.5
2352,0,47,47,47,6.5,404.5
2353,0,40,40,40,23.5,389.5
2354,0,28,28,28,24,382.5
2355,0,37,37,37,23.5,361
2356,0,30,30,30,11.5,341.5
2357,0,32,32,32,23,327.5
2358,0,41,41,41,36,340
2359,0,51,51,51,24,307
2360,0,44,44,44,34,301
2361,0,65,65,65,11.5,278
2362,0,47,47,47,24.5,276
2363,0,44,44,44,40,269
2364,0,47,47,47,22,253.5
2365,0,37,37,37,20,248.5
2366,0,48,48,48,12,249
2367,0,34,34,34,5,250
2368,0,30,30,30,21.5,221
2369,0,36,36,36,25.5,213.5
2370,0,32,32,32,58,256
2371,0,34,34,34,66.5,267.5
2372,0,44,44,44,84.5,266
2373,0,36,36,36,76.5,249.5
2374,0,38,38,38,71,225.5
2375,0,42,42,42,55.5,210
2376,0,41,41,41,41,198.5
2377,0,78,78,78,56.5,192
2378,0,47,47,47,64.5,198.5
2379,0,59,59,59,80.5,186.5
2380,0,58,58,58,108,209
2381,0,32,32,32,105,244
2382,0,34,34,34,126,246
2383,0,41,41,41,129.5,230.5
2384,0,48,48,48,133.5,226
2385,0,45,45,45,141.5,212.5
2386,0,43,43,43,141.5,206
2387,0,26,26,26,151,221.5
2388,0,26,26,26,150,230.5
2389,0,35,35,35,158.5,218
2390,0,45,45,45,169,230.5
2391,0,32,32,32,179.5,237
2392,0,34,34,34,188,230.5
2393,0,39,39,39,215.5,227
2394,0,56,56,56,191,209.5
2395,0,69,69,69,196,202.5
2396,0,41,41,41,219,204
2397,0,30,30,30,219.5,190
2398,0,32,32,32,183,184
2399,0,26,26,26,169,198.5
2400,0,41,41,41,161.5,190
2401,0,29,29,29,97.5,197
2402,0,32,32,32,100,182
2403,0,42,42,42,90,164.5
2404,0,50,50,50,108.5,165
2405,0,52,52,52,120,167.5
2406,0,54,54,54,118.5,158.5
2407,0,24,24,24,97,144
2408,0,40,40,40,50.5,169
2409,0,30,30,30,73,178
2410,0,52,52,52,37,199
2411,0,50,50,50,14,180.5
2412,0,48,48,48,13.5,158
2413,0,25,25,25,34.5,172.5
2414,0,38,38,38,31.5,159.5
2415,0,43,43,43,17,121.5
2416,0,30,30,30,7.5,119
2417,0,31,31,31,21,108
2418,0,49,49,49,11,99.5
2419,0,55,55,55,33,76.5
2420,0,35,35,35,43,93.5
2421,0,20,20,20,59,114
2422,0,28,28,28,68.5,100
2423,0,31,31,31,67.5,85.5
2424,0,24,24,24,57,72.5
2425,0,41,41,41,37.5,55
2426,0,32,32,32,50,49.5
2427,0,45,45,45,94.5,67.5
2428,0,34,34,34,83,46
2429,0,42,42,42,88,82.5
2430,0,37,37,37,88.5,90.5
2431,0,31,31,31,104,78.5
2432,0,51,51,51,118,69.5
2433,0,42,42,42,115.5,90.5
2434,0,39,39,39,126.5,105.5
2435,0,31,31,31,86.5,123
2436,0,33,33,33,163.5,129
2437,0,41,41,41,154.5,134.5
2438,0,50,50,50,164.5,137.5
2439,0,29,29,29,151,141
2440,0,23,23,23,165.5,152
2441,0,39,39,39,174.5,155.5
2442,0,25,25,25,159,165.5
2443,0,22,22,22,148,179.5
2444,0,30,30,30,195,170
2445,0,44,44,44,205,177
2446,0,53,53,53,206,164.5
2447,0,45,45,45,210,156.5
2448,0,31,31,31,209,139.5
2449,0,126,126,126,179,124.5
2450,0,38,38,38,185.5,117
2451,0,50,50,50,200,117
2452,0,39,39,39,200,105
2453,0,36,36,36,196,79.5
2454,0,24,24,24,191.5,94
2455,0,42,42,42,150.5,112
2456,0,57,57,57,154,82
2457,0,38,38,38,160.5,77.5
2458,0,37,37,37,156.5,60
2459,0,38,38,38,149,48.5
2460,0,22,22,22,140,59.5
2461,0,32,32,32,141.333,86.667
2462,0,48,48,48,189.333,63.667
2463,0,37,37,37,159.333,37.333
2464,0,35,35,35,182,34.667
2465,0,53,53,53,184.667,41.333
2466,0,29,29,29,173.667,71.333
2467,0,48,48,48,63.667,37.667
2468,0,65,65,65,48.333,17.667
2469,0,38,38,38,82.667,11.667
2470,0,35,35,35,24.333,47.667
2471,0,57,57,57,100,2.667
2472,0,23,23,23,95,24
2473,0,42,42,42,131.333,12
2474,0,36,36,36,146,13.333
2475,0,47,47,47,153,23.333
2476,0,41,41,41,150,4.333
2477,0,23,23,23,161,11
2478,0,33,33,33,171,17.667
2479,0,35,35,35,188.667,23
2480,0,43,43,43,203.333,26
2481,0,26,26,26,136,52
2482,0,40,40,40,213.667,55.667
2483,0,38,38,38,224,56.333
2484,0,41,41,41,113,147
2485,0,32,32,32,224,75
2486,0,33,33,33,202,131
2487,0,37,37,37,235,72
2488,0,37,37,37,233.333,83.333
2489,0,38,38,38,246.333,75.667
2490,0,49,49,49,251.667,89.333
2491,0,44,44,44,258,84.333
2492,0,42,42,42,263,94.667
2493,0,35,35,35,231,97.667
2494,0,30,30,30,225,110
2495,0,30,30,30,236.667,113.667
2496,0,34,34,34,237,121.333
2497,0,34,34,34,234,132
2498,0,44,44,44,248,134.333
2499,0,24,24,24,240.667,147.333
2500,0,37,37,37,256,144.667
2501,0,30,30,30,259.667,153
2502,0,40,40,40,273.667,144.667
2503,0,33,33,33,237,160.667
2504,0,25,25,25,250.333,170
2505,0,41,41,41,232.333,173.333
2506,0,35,35,35,238.667,186.667
2507,0,20,20,20,227.667,186.667
2508,0,24,24,24,206.333,191.667
2509,0,29,29,29,241.333,206.333
2510,0,20,20,20,257.333,211.333
2511,0,35,35,35,252.333,225
2512,0,55,55,55,257.333,190.667
2513,0,41,41,41,210,2
2514,0,46,46,46,224,7.667
2515,0,44,44,44,230.333,30
2516,0,32,32,32,236.667,38.667
2517,0,28,28,28,243,11.667
2518,0,57,57,57,268,22.667
2519,0,37,37,37,272.333,11
2520,0,34,34,34,284,21.333
2521,0,38,38,38,297,13
2522,0,35,35,35,272.667,34.667
2523,0,25,25,25,283,60.333
2524,0,27,27,27,248.667,52.333
2525,0,37,37,37,301.667,54.667
2526,0,29,29,29,300.333,62.333
2527,0,55,55,55,302.667,96
2528,0,45,45,45,285.333,80.333
2529,0,64,64,64,291,72.667
2530,0,22,22,22,280.333,96
2531,0,29,29,29,284,113
2532,0,18,18,18,275,118.667
2533,0,37,37,37,294.333,117
2534,0,47,47,47,316.333,30.667
2535,0,37,37,37,327.333,12.667
2536,0,59,59,59,340.333,12.667
2537,0,28,28,28,336,28.333
2538,0,33,33,33,314.333,44.667
2539,0,29,29,29,321.333,49.333
2540,0,33,33,33,322,79.667
2541,0,34,34,34,325.667,99.667
2542,0,27,27,27,327.667,111.667
2543,0,46,46,46,313,117.667
2544,0,46,46,46,320,123.667
2545,0,34,34,34,308.667,139
2546,0,32,32,32,294.333,147.333
2547,0,40,40,40,314,150
2548,0,28,28,28,325.333,134
2549,0,31,31,31,334.667,143.333
2550,0,41,41,41,331.333,165.333
2551,0,33,33,33,300.667,167.667
2552,0,46,46,46,280.333,173.333
2553,0,35,35,35,284.667,183
2554,0,64,64,64,289.333,191.333
2555,0,47,47,47,283.333,205
2556,0,36,36,36,300.667,210.333
2557,0,47,47,47,310.333,208
2558,0,40,40,40,320,208.667
2559,0,51,51,51,306,184
2560,0,50,50,50,323,189.333
2561,0,40,40,40,308,224
2562,0,44,44,44,295.333,239.333
2563,0,35,35,35,290.333,223
2564,0,36,36,36,334.333,222
2565,0,58,58,58,354.333,213.667
2566,0,51,51,51,354.667,189.333
2567,0,29,29,29,350.333,233.333
2568,0,34,34,34,343.333,163.333
2569,0,28,28,28,351.667,151.667
2570,0,34,34,34,352.333,135.333
2571,0,37,37,37,356.667,111.667
2572,0,45,45,45,353,100
2573,0,32,32,32,345.333,109.667
2574,0,32,32,32,349.333,34.333
2575,0,32,32,32,61.333,146.667
2576,0,38,38,38,399.333,201.667
2577,0,37,37,37,409.667,187.333
2578,0,38,38,38,394.333,189.667
2579,0,35,35,35,382.333,192
2580,0,27,27,27,374.667,196
2581,0,39,39,39,368.333,198
2582,0,20,20,20,372.667,188
2583,0,57,57,57,379,169.667
2584,0,52,52,52,371.333,166.333
2585,0,48,48,48,373.667,154.667
2586,0,51,51,51,371.333,146.667
2587,0,38,38,38,361,160
2588,0,34,34,34,388.667,163.333
2589,0,46,46,46,378.333,127
2590,0,28,28,28,391.667,122
2591,0,52,52,52,367,95.333
2592,0,43,43,43,368,88.333
2593,0,42,42,42,419.667,141.333
2594,0,41,41,41,409.667,130.333
2595,0,63,63,63,416,117.667
2596,0,53,53,53,411,103.667
2597,0,35,35,35,432,129.333
2598,0,28,28,28,435,116.333
2599,0,31,31,31,441.333,127.667
2600,0,53,53,53,444,97.667
2601,0,44,44,44,419.333,86.333
2602,0,74,74,74,405.333,81
2603,0,41,41,41,421.333,179.667
2604,0,73,73,73,434.5,51.5
2605,0,54,54,54,398.667,58
2606,0,55,55,55,389,64
2607,0,47,47,47,379,64.667
2608,0,37,37,37,372,55.667
2609,0,59,59,59,362.333,66.667
2610,0,26,26,26,359,58.667
2611,0,59,59,59,360,46
2612,0,29,29,29,395.667,37
2613,0,53,53,53,370.667,10.333
2614,0,54,54,54,382,2.333
2615,0,48,48,48,444.333,7.333
2616,0,54,54,54,437,8
2617,0,35,35,35,448.333,21.333
2618,0,27,27,27,435.333,20
2619,0,59,59,59,435,41
2620,0,45,45,45,423.667,36.667
2621,0,56,56,56,426.667,1.667
2622,0,28,28,28,417.667,10
2623,0,47,47,47,489,2.667
2624,0,25,25,25,469,21.667
2625,0,22,22,22,475.333,87.333
2626,0,30,30,30,436.333,80
2627,0,26,26,26,615,18.667
2628,0,23,23,23,621.667,76.667
2629,0,26,26,26,636,42.333
2630,0,6,6,6,356,962
2631,0,35,35,35,27.333,972
2632,0,30,30,30,12.667,981.333
2633,0,33,33,33,16.667,970
2634,0,40,40,40,10,962
2635,0,43,43,43,14,939.333
2636,0,50,50,50,25.333,937.333
2637,0,24,24,24,24.667,926
2638,0,28,28,28,3.333,916
2639,0,20,20,20,6.667,882
2640,0,26,26,26,20.667,864
2641,0,32,32,32,14,846
2642,0,41,41,41,20,830
2643,0,76,76,76,8,809.333
2644,0,49,49,49,6,792
2645,0,36,36,36,30.667,800
2646,0,52,52,52,37.333,795.333
2647,0,48,48,48,66,774.667
2648,0,55,55,55,50,764
2649,0,39,39,39,30,754.667
2650,0,36,36,36,28.667,734.667
2651,0,53,53,53,1.333,740
2652,0,25,25,25,14,716
2653,0,39,39,39,30.667,701.333
2654,0,41,41,41,30.667,683.333
2655,0,21,21,21,10.667,674.667
2656,0,40,40,40,21.333,664.667
2657,0,18,18,18,38.667,664.667
2658,0,43,43,43,43.5,577.5
2659,0,37,37,37,34,575.5
2660,0,51,51,51,10,572.5
2661,0,39,39,39,26.5,549.5
2662,0,49,49,49,31.5,531.5
2663,0,58,58,58,2.5,539
2664,0,31,31,31,13.5,625
2665,0,45,45,45,33.5,487.5
2666,0,38,38,38,12,496.5
2667,0,47,47,47,21,471
2668,0,51,51,51,4,472
2669,0,43,43,43,9,456
2670,0,38,38,38,37,460
2671,0,45,45,45,14.667,429
2672,0,45,45,45,14.667,448.333
2673,0,53,53,53,38.667,443
2674,0,32,32,32,8.5,29
2675,0,31,31,31,4,46.667
2676,0,33,33,33,1330.667,778.667
2677,0,71,71,71,46,637
2678,0,53,53,53,47.333,621
2679,0,64,64,64,56,615.667
2680,0,66,66,66,55.5,608
2681,0,61,61,61,54.5,599.5
2682,0,68,68,68,64,585.5
2683,0,61,61,61,70.5,575
2684,0,60,60,60,66.5,572.5
2685,0,56,56,56,56.5,570.5
2686,0,72,72,72,58.5,563
2687,0,69,69,69,61.5,556.5
2688,0,57,57,57,62,541
2689,0,55,55,55,62,528.5
2690,0,63,63,63,61,514.5
2691,0,78,78,78,60.5,503
2692,0,75,75,75,80.5,514.5
2693,0,75,75,75,51,654.5
2694,0,66,66,66,53.5,669.5
2695,0,74,74,74,61,674.5
2696,0,90,90,90,59,688.5
2697,0,92,92,92,71.5,674.5
2698,0,77,77,77,81,688.5
2699,0,57,57,57,77.5,698
2700,0,71,71,71,89.5,666
2701,0,69,69,69,86.5,656
2702,0,52,52,52,76.5,662.5
2703,0,49,49,49,66.5,656
2704,0,58,58,58,97,685
2705,0,80,80,80,96,693.5
2706,0,83,83,83,91,705
2707,0,68,68,68,78.5,709.5
2708,0,69,69,69,73,712.5
2709,0,72,72,72,81,726
2710,0,78,78,78,90.5,629.5
2711,0,56,56,56,79.5,629.5
2712,0,77,77,77,94.5,639.5
2713,0,87,87,87,120.5,636
2714,0,73,73,73,128,647
2715,0,72,72,72,112.5,627
2716,0,76,76,76,113.5,617
2717,0,82,82,82,118,606.5
2718,0,59,59,59,100.5,608
2719,0,56,56,56,104.5,593.5
2720,0,44,44,44,94.5,586.5
2721,0,63,63,63,107,582
2722,0,81,81,81,139,542
2723,0,84,84,84,131,525
2724,0,69,69,69,124.5,514.5
2725,0,77,77,77,103.5,529.5
2726,0,85,85,85,110,523.5
2727,0,90,90,90,105,520.5
2728,0,79,79,79,114.5,516
2729,0,70,70,70,110,508
2730,0,69,69,69,102.5,499
2731,0,70,70,70,79,531.5
2732,0,62,62,62,76,498.5
2733,0,70,70,70,73.5,483.5
2734,0,74,74,74,56.5,481.5
2735,0,55,55,55,49,480.5
2736,0,77,77,77,51,465.5
2737,0,96,96,96,60.5,464
2738,0,75,75,75,66,463.5
2739,0,65,65,65,69,453
2740,0,71,71,71,55,453
2741,0,56,56,56,78.5,463.5
2742,0,58,58,58,81,439
2743,0,49,49,49,80.5,452
2744,0,44,44,44,88.5,459
2745,0,69,69,69,96.5,457.5
2746,0,64,64,64,107.5,458
2747,0,74,74,74,112.5,451.5
2748,0,67,67,67,117.5,458
2749,0,80,80,80,113,467.5
2750,0,93,93,93,116,477.5
2751,0,66,66,66,103.5,481
2752,0,49,49,49,100.5,491
2753,0,65,65,65,121,492.5
2754,0,52,52,52,123.5,505.5
2755,0,32,32,32,90,497.5
2756,0,55,55,55,65,281.5
2757,0,60,60,60,92,286.5
2758,0,42,42,42,91,298
2759,0,70,70,70,82,301
2760,0,63,63,63,81,307
2761,0,58,58,58,73,310.5
2762,0,79,79,79,67.5,306.5
2763,0,77,77,77,61,309.5
2764,0,63,63,63,52.5,309
2765,0,66,66,66,57,317
2766,0,67,67,67,63,300.5
2767,0,47,47,47,56.5,326.5
2768,0,59,59,59,45,331.5
2769,0,84,84,84,52,338
2770,0,74,74,74,58,344
2771,0,34,34,34,43.5,349.5
2772,0,65,65,65,47.5,358.5
2773,0,55,55,55,61,365
2774,0,84,84,84,75.5,380
2775,0,83,83,83,86.5,367.5
2776,0,63,63,63,75.5,348
2777,0,81,81,81,89,333.5
2778,0,86,86,86,51.5,379
2779,0,70,70,70,58.5,392
2780,0,78,78,78,52,402.5
2781,0,72,72,72,75,393.5
2782,0,89,89,89,85,411.5
2783,0,66,66,66,54.5,417
2784,0,80,80,80,65.5,426.5
2785,0,72,72,72,45,428.5
2786,0,82,82,82,89.5,429.5
2787,0,58,58,58,97.5,436.5
2788,0,24,24,24,95,555
2789,0,30,30,30,90,569
2790,0,75,75,75,134,579
2791,0,57,57,57,126,667
2792,0,60,60,60,148,681
2793,0,48,48,48,61,749
2794,0,45,45,45,78,749
2795,0,40,40,40,69,790
2796,0,61,61,61,69,801
2797,0,70,70,70,91,795
2798,0,63,63,63,102,775
2799,0,31,31,31,206,751
2800,0,35,35,35,216,760
2801,0,57,57,57,110.667,825.333
2802,0,76,76,76,114.667,806
2803,0,52,52,52,109.333,792
2804,0,52,52,52,98.667,786
2805,0,55,55,55,86.667,784.667
2806,0,48,48,48,76.667,828.667
2807,0,64,64,64,74,814.667
2808,0,48,48,48,66.667,817.333
2809,0,57,57,57,63.333,801.333
2810,0,54,54,54,68,841.333
2811,0,61,61,61,77.333,856.667
2812,0,91,91,91,64.667,862
2813,0,48,48,48,68.667,874.667
2814,0,91,91,91,60,886
2815,0,60,60,60,60,901.333
2816,0,56,56,56,52.667,938
2817,0,62,62,62,50,920.667
2818,0,61,61,61,40.667,956
2819,0,58,58,58,42.667,972.667
2820,0,67,67,67,50.667,956
2821,0,36,36,36,69.333,955.333
2822,0,79,79,79,62.667,970.667
2823,0,59,59,59,72,936
2824,0,51,51,51,53.333,993.333
2825,0,52,52,52,149.333,748.667
2826,0,50,50,50,155.333,740.667
2827,0,53,53,53,132.667,738
2828,0,77,77,77,145.333,710
2829,0,66,66,66,154.667,706
2830,0,59,59,59,121.333,712
2831,0,55,55,55,123.333,692.667
2832,0,60,60,60,116,677.333
2833,0,55,55,55,106.667,670.667
2834,0,47,47,47,146.667,657.333
2835,0,46,46,46,113.333,569.333
2836,0,41,41,41,124,588
2837,0,65,65,65,136.667,626
2838,0,55,55,55,149.333,694
2839,0,48,48,48,218,746
2840,0,49,49,49,208.667,735.333
2841,0,48,48,48,223.333,730.667
2842,0,41,41,41,226,718
2843,0,53,53,53,232,713.333
2844,0,58,58,58,226.667,705.333
2845,0,47,47,47,238,704
2846,0,63,63,63,215,697
2847,0,80,80,80,209.5,705.5
2848,0,70,70,70,191.5,731.5
2849,0,50,50,50,178,727.5
2850,0,53,53,53,183,746
2851,0,53,53,53,155,726.5
2852,0,95,95,95,170.5,681
2853,0,40,40,40,169.5,645.5
2854,0,83,83,83,198.5,847
2855,0,51,51,51,226.5,862.5
2856,0,63,63,63,262,844
2857,0,54,54,54,265.5,744.5
2858,0,40,40,40,345.5,818.5
2859,0,24,24,24,338,798.5
2860,0,34,34,34,387.5,823.5
